-- phpMyAdmin SQL Dump
-- version 4.8.4
-- https://www.phpmyadmin.net/
--
-- Host: 127.0.0.1
-- Generation Time: Mar 14, 2019 at 07:33 AM
-- Server version: 10.1.37-MariaDB
-- PHP Version: 7.3.0

SET SQL_MODE = "NO_AUTO_VALUE_ON_ZERO";
SET AUTOCOMMIT = 0;
START TRANSACTION;
SET time_zone = "+00:00";


/*!40101 SET @OLD_CHARACTER_SET_CLIENT=@@CHARACTER_SET_CLIENT */;
/*!40101 SET @OLD_CHARACTER_SET_RESULTS=@@CHARACTER_SET_RESULTS */;
/*!40101 SET @OLD_COLLATION_CONNECTION=@@COLLATION_CONNECTION */;
/*!40101 SET NAMES utf8mb4 */;

--
-- Database: `ecommereceapi`
--

-- --------------------------------------------------------

--
-- Table structure for table `migrations`
--

CREATE TABLE `migrations` (
  `id` int(10) UNSIGNED NOT NULL,
  `migration` varchar(191) COLLATE utf8mb4_unicode_ci NOT NULL,
  `batch` int(11) NOT NULL
) ENGINE=InnoDB DEFAULT CHARSET=utf8mb4 COLLATE=utf8mb4_unicode_ci;

--
-- Dumping data for table `migrations`
--

INSERT INTO `migrations` (`id`, `migration`, `batch`) VALUES
(1, '2014_10_12_000000_create_users_table', 1),
(2, '2014_10_12_100000_create_password_resets_table', 1),
(3, '2019_03_14_041119_create_products_table', 1),
(4, '2019_03_14_041147_create_reviews_table', 1);

-- --------------------------------------------------------

--
-- Table structure for table `password_resets`
--

CREATE TABLE `password_resets` (
  `email` varchar(191) COLLATE utf8mb4_unicode_ci NOT NULL,
  `token` varchar(191) COLLATE utf8mb4_unicode_ci NOT NULL,
  `created_at` timestamp NULL DEFAULT NULL
) ENGINE=InnoDB DEFAULT CHARSET=utf8mb4 COLLATE=utf8mb4_unicode_ci;

-- --------------------------------------------------------

--
-- Table structure for table `products`
--

CREATE TABLE `products` (
  `id` bigint(20) UNSIGNED NOT NULL,
  `name` varchar(191) COLLATE utf8mb4_unicode_ci NOT NULL,
  `detail` text COLLATE utf8mb4_unicode_ci NOT NULL,
  `price` int(11) NOT NULL,
  `stock` int(11) NOT NULL,
  `discount` int(11) NOT NULL,
  `created_at` timestamp NULL DEFAULT NULL,
  `updated_at` timestamp NULL DEFAULT NULL
) ENGINE=InnoDB DEFAULT CHARSET=utf8mb4 COLLATE=utf8mb4_unicode_ci;

--
-- Dumping data for table `products`
--

INSERT INTO `products` (`id`, `name`, `detail`, `price`, `stock`, `discount`, `created_at`, `updated_at`) VALUES
(1, 'maiores', 'Possimus aperiam perferendis nihil ullam odio quia. Quia amet officia sapiente deleniti cupiditate occaecati. Eos qui dicta qui est non. Accusantium vitae quos expedita ut et dolores.', 405, 6, 6, '2019-03-14 13:22:11', '2019-03-14 13:22:11'),
(2, 'omnis', 'Quasi illo perferendis velit. Ut exercitationem minima cupiditate voluptatem. Ea nesciunt commodi sed asperiores. Hic quibusdam delectus non deserunt sit optio sunt.', 216, 4, 23, '2019-03-14 13:22:11', '2019-03-14 13:22:11'),
(3, 'est', 'Qui optio a et quasi. Repellendus maxime quae ut repellendus. Dicta accusamus dicta voluptatum ut doloremque.', 444, 9, 22, '2019-03-14 13:22:11', '2019-03-14 13:22:11'),
(4, 'qui', 'Non eaque dolorem minima omnis qui rerum quisquam dicta. Pariatur sed et quidem quae. Voluptatem repellendus sed quod enim. Soluta facere maxime culpa quis sunt. Facilis beatae aspernatur ut sunt nesciunt voluptatibus officia.', 885, 7, 12, '2019-03-14 13:22:11', '2019-03-14 13:22:11'),
(5, 'enim', 'Odio expedita amet illo quasi sed eos. Aut nam dolor et laborum error molestiae. Et voluptas magnam id eos aperiam.', 966, 2, 3, '2019-03-14 13:22:11', '2019-03-14 13:22:11'),
(6, 'autem', 'Non maxime quia in reprehenderit. Omnis autem nisi temporibus ut. Minima id rerum in nostrum rem consequuntur temporibus.', 943, 2, 7, '2019-03-14 13:22:11', '2019-03-14 13:22:11'),
(7, 'ex', 'Totam occaecati nam at. Natus quaerat quas laborum id ad omnis odio tempora. Facilis incidunt voluptatum repudiandae aperiam. Nesciunt animi eveniet non autem consequatur molestias omnis.', 753, 2, 26, '2019-03-14 13:22:11', '2019-03-14 13:22:11'),
(8, 'quibusdam', 'Neque ratione natus vel praesentium. Et soluta impedit ea et autem sit qui. Quia deserunt necessitatibus inventore quasi architecto sint deleniti.', 963, 5, 29, '2019-03-14 13:22:11', '2019-03-14 13:22:11'),
(9, 'laudantium', 'Facilis aut dolorem id et suscipit veniam ut. Ullam dolores sed placeat sapiente et dolores.', 155, 6, 30, '2019-03-14 13:22:11', '2019-03-14 13:22:11'),
(10, 'quos', 'Illo assumenda consequuntur aliquid. Sequi sit fuga debitis tenetur. Nobis omnis et et officia consequatur. A reiciendis doloremque sed rerum quia iure reprehenderit id. Fugit tenetur illum sint ipsum nisi est.', 556, 2, 8, '2019-03-14 13:22:11', '2019-03-14 13:22:11'),
(11, 'et', 'Et consequatur animi cum nisi dolores rerum et. Temporibus eum deserunt delectus nulla sit. Eaque neque necessitatibus et quo aperiam ea. Placeat eveniet rerum nisi dolor animi.', 609, 7, 7, '2019-03-14 13:22:11', '2019-03-14 13:22:11'),
(12, 'repellendus', 'Ab ducimus esse et. Veniam possimus similique facilis deleniti. Facere enim quisquam est est repellat sint quis. Et et rerum aut eaque perferendis quibusdam.', 441, 8, 11, '2019-03-14 13:22:11', '2019-03-14 13:22:11'),
(13, 'unde', 'Est similique ipsam et nam blanditiis. In dolores quia voluptatibus natus voluptatem. Atque animi ipsam rerum autem.', 148, 1, 5, '2019-03-14 13:22:11', '2019-03-14 13:22:11'),
(14, 'qui', 'Accusantium id quasi placeat. Unde reprehenderit voluptatem provident qui reiciendis. Vitae tempora expedita eaque et amet aut quidem consectetur.', 842, 5, 9, '2019-03-14 13:22:11', '2019-03-14 13:22:11'),
(15, 'eos', 'Nobis fuga qui autem qui unde est. Dolores animi voluptatem autem excepturi minus et. Autem laborum saepe nihil aliquam voluptatem dolore. Cum est laboriosam recusandae soluta dolorem sed. Rerum recusandae eos omnis repellat.', 445, 3, 10, '2019-03-14 13:22:11', '2019-03-14 13:22:11'),
(16, 'ea', 'Praesentium ducimus et consequatur qui quibusdam ipsam asperiores eius. Non aliquam quia minima eum laudantium. Ducimus aut eligendi repellendus molestias unde.', 573, 2, 4, '2019-03-14 13:22:11', '2019-03-14 13:22:11'),
(17, 'enim', 'Voluptates est est et architecto temporibus. Maiores autem blanditiis sunt et rerum ipsa. Fugit in assumenda blanditiis est fugit iusto.', 825, 0, 15, '2019-03-14 13:22:11', '2019-03-14 13:22:11'),
(18, 'fuga', 'Quod harum id laudantium ipsam officiis. Perferendis qui modi ut quasi ullam voluptas facere. Qui labore dicta iusto dolorum voluptatum sunt voluptates tempora.', 112, 2, 28, '2019-03-14 13:22:11', '2019-03-14 13:22:11'),
(19, 'doloremque', 'Labore omnis eum laborum voluptas. Et et architecto suscipit quia. Pariatur voluptas sequi et voluptates. Iste quos atque perspiciatis cum.', 486, 2, 25, '2019-03-14 13:22:11', '2019-03-14 13:22:11'),
(20, 'enim', 'Et illo dicta et qui voluptatem distinctio optio. Ipsam voluptatem facere aut voluptatem.', 985, 4, 16, '2019-03-14 13:22:12', '2019-03-14 13:22:12'),
(21, 'voluptatem', 'Et et et voluptates dolor ex. Soluta quaerat cum ab. Eos ullam consequatur illo impedit et.', 835, 2, 22, '2019-03-14 13:22:12', '2019-03-14 13:22:12'),
(22, 'aperiam', 'Dolore in nihil ut magni. Corrupti et voluptate est sit. Saepe sapiente eveniet ex et ullam laboriosam nihil consequatur. Voluptas et quos magnam ratione aut alias nostrum.', 966, 0, 22, '2019-03-14 13:22:12', '2019-03-14 13:22:12'),
(23, 'consequatur', 'Repudiandae minima veniam et sint numquam corrupti inventore. Quos amet mollitia nesciunt eum. Quia doloribus reprehenderit nemo facere amet odit sunt.', 820, 5, 9, '2019-03-14 13:22:12', '2019-03-14 13:22:12'),
(24, 'et', 'Deserunt quibusdam provident ratione quam qui sed et. Ut eos fugit praesentium adipisci ut nostrum.', 676, 6, 6, '2019-03-14 13:22:12', '2019-03-14 13:22:12'),
(25, 'omnis', 'Beatae quisquam tenetur culpa nobis qui consequatur. Modi eos ut voluptatibus cum dolores fugit blanditiis sapiente. Porro veritatis vero aut aspernatur hic neque. Nam numquam facere dolor.', 961, 6, 21, '2019-03-14 13:22:12', '2019-03-14 13:22:12'),
(26, 'velit', 'Qui ea aut velit. Reiciendis non sunt suscipit molestiae. Quas veniam inventore ab.', 141, 0, 12, '2019-03-14 13:22:12', '2019-03-14 13:22:12'),
(27, 'cum', 'Saepe voluptatem qui ut culpa distinctio commodi praesentium. Sed aut quod quidem nesciunt et. Modi iure et et similique quae harum.', 802, 8, 28, '2019-03-14 13:22:12', '2019-03-14 13:22:12'),
(28, 'inventore', 'Suscipit eaque eius magnam excepturi enim enim omnis. Sit maxime occaecati eum dolorem. Ab facilis et aut non. Dolorem corrupti voluptatum nesciunt illum. Sed consectetur autem voluptatum culpa sed sunt.', 686, 9, 8, '2019-03-14 13:22:12', '2019-03-14 13:22:12'),
(29, 'sit', 'Vel amet at autem inventore est dolore totam. Aut ipsa magni et nihil dolores. Commodi perspiciatis sint distinctio sint cumque eos cumque. Nisi facilis tempora minus aut rerum unde animi et. Illo doloribus mollitia est omnis.', 545, 5, 9, '2019-03-14 13:22:12', '2019-03-14 13:22:12'),
(30, 'fugit', 'Velit sequi tempora et eum. Aliquid delectus dignissimos nihil similique est id ex qui. Totam doloremque praesentium dolorem. Ut optio ea repellat aperiam.', 561, 6, 4, '2019-03-14 13:22:12', '2019-03-14 13:22:12'),
(31, 'qui', 'Non accusamus ut et. Veritatis reprehenderit nihil id nesciunt consequatur rerum dignissimos. Earum autem praesentium cum.', 778, 6, 25, '2019-03-14 13:22:12', '2019-03-14 13:22:12'),
(32, 'et', 'Dicta provident id ut distinctio est quibusdam. Corrupti similique blanditiis nihil nihil eum voluptatem quis. Officiis hic maxime natus sunt qui id fugit quas. Mollitia ipsa earum ut ut.', 412, 9, 30, '2019-03-14 13:22:12', '2019-03-14 13:22:12'),
(33, 'id', 'Explicabo quia enim iusto et. Ex optio placeat illo. Autem numquam placeat exercitationem ad exercitationem odit et.', 611, 4, 25, '2019-03-14 13:22:12', '2019-03-14 13:22:12'),
(34, 'quis', 'Ut aspernatur fuga voluptas enim omnis laborum et aspernatur. Et numquam labore sapiente adipisci et totam. Vel laboriosam architecto sint numquam doloribus et occaecati expedita. Voluptatibus quis a odio ut.', 185, 3, 28, '2019-03-14 13:22:12', '2019-03-14 13:22:12'),
(35, 'suscipit', 'Enim rerum repudiandae id facere. Dolore consequatur rerum nobis rerum. Omnis corrupti illum ratione excepturi voluptas. Iusto voluptate et autem.', 598, 3, 11, '2019-03-14 13:22:12', '2019-03-14 13:22:12'),
(36, 'iure', 'Nostrum modi eum quidem explicabo minima ut et. Debitis libero eos rerum. Error sit qui sed. Mollitia necessitatibus earum cumque et aperiam voluptas debitis.', 769, 8, 12, '2019-03-14 13:22:12', '2019-03-14 13:22:12'),
(37, 'iste', 'Beatae ut et repudiandae nostrum. Nulla maxime quis dolore doloribus culpa et doloribus sint. Voluptatem rerum unde et perspiciatis in.', 811, 8, 18, '2019-03-14 13:22:12', '2019-03-14 13:22:12'),
(38, 'eum', 'Harum voluptatibus consequatur sit omnis magni eligendi. Quidem fugiat eaque enim temporibus vel sit earum. Explicabo ullam numquam dolorem veritatis sit quo itaque aspernatur. Labore ad qui ut non.', 939, 1, 28, '2019-03-14 13:22:12', '2019-03-14 13:22:12'),
(39, 'praesentium', 'Porro repellendus blanditiis impedit occaecati. Minus in provident aspernatur omnis sed alias dolores omnis. Quia ut cupiditate autem non dignissimos sint.', 426, 1, 19, '2019-03-14 13:22:12', '2019-03-14 13:22:12'),
(40, 'omnis', 'Illum quia voluptate dicta laborum. Ut sint et iure. Facere sapiente tempore ullam deserunt rerum assumenda laudantium.', 877, 4, 27, '2019-03-14 13:22:12', '2019-03-14 13:22:12'),
(41, 'at', 'Ut qui et qui suscipit veniam dignissimos. Voluptas et voluptatem impedit.', 231, 2, 14, '2019-03-14 13:22:12', '2019-03-14 13:22:12'),
(42, 'adipisci', 'Accusantium dolores voluptatem doloremque voluptatem qui. Sequi placeat expedita ullam excepturi eum ut. Esse dicta culpa autem itaque est aspernatur.', 161, 4, 4, '2019-03-14 13:22:12', '2019-03-14 13:22:12'),
(43, 'enim', 'Et corrupti eveniet est facere laborum. Sed rerum occaecati aliquam voluptatem explicabo libero.', 649, 6, 13, '2019-03-14 13:22:12', '2019-03-14 13:22:12'),
(44, 'aut', 'Dignissimos quod qui et unde eum a voluptatem. Eum quasi minima voluptate rerum sed ab at incidunt. Ad eos est expedita tenetur laboriosam.', 584, 7, 26, '2019-03-14 13:22:12', '2019-03-14 13:22:12'),
(45, 'distinctio', 'Exercitationem fugiat assumenda vel voluptatum. Occaecati maxime qui quia. Ut vero rerum expedita ut sint.', 972, 7, 22, '2019-03-14 13:22:12', '2019-03-14 13:22:12'),
(46, 'quis', 'Voluptatibus voluptas officiis quo facilis. Necessitatibus voluptas deserunt vitae vel corporis. Tenetur magnam odio dolores voluptatem numquam pariatur.', 179, 7, 5, '2019-03-14 13:22:12', '2019-03-14 13:22:12'),
(47, 'voluptatibus', 'Eum aut voluptas fuga aut id nihil et. Qui aliquid fugit repudiandae magnam molestiae. Voluptatem architecto mollitia dolorem ut fugit. Voluptatem eum est libero sint reiciendis aut.', 272, 2, 12, '2019-03-14 13:22:12', '2019-03-14 13:22:12'),
(48, 'culpa', 'Facilis consequuntur et natus atque. Quia minus omnis ipsum est modi autem harum. Et molestiae ab quo quasi quas. Aut cum consectetur porro non.', 212, 1, 21, '2019-03-14 13:22:12', '2019-03-14 13:22:12'),
(49, 'et', 'Et quibusdam cumque sed totam et tempora. Ratione voluptatum doloribus molestiae. Nulla repudiandae fugiat maxime. Iure non velit unde nihil. Et dicta illum autem qui quia non.', 107, 7, 12, '2019-03-14 13:22:12', '2019-03-14 13:22:12'),
(50, 'quas', 'Ex ut culpa non sunt. Provident autem enim optio voluptatem a. Temporibus deserunt placeat non dolorem.', 590, 4, 27, '2019-03-14 13:22:12', '2019-03-14 13:22:12');

-- --------------------------------------------------------

--
-- Table structure for table `reviews`
--

CREATE TABLE `reviews` (
  `id` bigint(20) UNSIGNED NOT NULL,
  `product_id` int(10) UNSIGNED NOT NULL,
  `customer` varchar(191) COLLATE utf8mb4_unicode_ci NOT NULL,
  `review` text COLLATE utf8mb4_unicode_ci NOT NULL,
  `star` int(11) NOT NULL,
  `created_at` timestamp NULL DEFAULT NULL,
  `updated_at` timestamp NULL DEFAULT NULL
) ENGINE=InnoDB DEFAULT CHARSET=utf8mb4 COLLATE=utf8mb4_unicode_ci;

--
-- Dumping data for table `reviews`
--

INSERT INTO `reviews` (`id`, `product_id`, `customer`, `review`, `star`, `created_at`, `updated_at`) VALUES
(1, 24, 'Jerrold Maggio', 'Dignissimos quod tenetur suscipit numquam. Assumenda aliquid dolores qui et velit et. Quia reiciendis et sit in sit. Non occaecati libero quia et quam repellendus iusto.', 1, '2019-03-14 13:22:13', '2019-03-14 13:22:13'),
(2, 26, 'Miss Myrtice Blick', 'Qui pariatur corrupti exercitationem molestiae. Optio placeat doloremque saepe sapiente modi et. Neque libero sapiente repellat voluptates dolor rem culpa.', 5, '2019-03-14 13:22:13', '2019-03-14 13:22:13'),
(3, 20, 'Prof. Andres Waters', 'Deserunt in commodi accusamus nisi. Ea quia nostrum qui molestiae blanditiis inventore et expedita. Suscipit a provident quod repellendus quo. Architecto fuga quos et sed qui.', 5, '2019-03-14 13:22:13', '2019-03-14 13:22:13'),
(4, 2, 'Prof. Ford Reichel Sr.', 'Fugit ut sint provident doloribus quo similique sed reprehenderit. Fugiat odio harum impedit omnis. Voluptas earum doloribus sequi et.', 1, '2019-03-14 13:22:13', '2019-03-14 13:22:13'),
(5, 42, 'Tyrese Wiza', 'Quia illum dignissimos iste quis iure sequi. Dolor earum aut illo similique explicabo et doloremque. Voluptas minus ut omnis tempore ea nulla unde veniam. Aliquid error consectetur velit maxime.', 1, '2019-03-14 13:22:13', '2019-03-14 13:22:13'),
(6, 38, 'Jaiden Olson', 'Ad in vitae id. Repudiandae omnis natus animi et accusamus maxime.', 4, '2019-03-14 13:22:13', '2019-03-14 13:22:13'),
(7, 4, 'Dolly Schulist', 'Id est explicabo id. Atque nisi consequatur aut eos nemo. Quia consequatur sapiente occaecati dicta nam velit distinctio. Doloribus aut eius in est esse.', 5, '2019-03-14 13:22:13', '2019-03-14 13:22:13'),
(8, 31, 'Prof. Irving Hills', 'Reprehenderit voluptatem sed veritatis porro. Molestias quod perspiciatis aut in minima laboriosam qui. Mollitia omnis sunt et aperiam earum consequatur quia. Vero qui impedit in dolorem sed architecto quis qui.', 0, '2019-03-14 13:22:13', '2019-03-14 13:22:13'),
(9, 10, 'Izaiah Wyman', 'Aut neque nesciunt sed eveniet inventore. Et fugit repellendus modi voluptas consequatur mollitia quia. Molestias deserunt laborum explicabo non incidunt. Ut voluptas voluptate illo mollitia incidunt iusto minus ut. Ut quod reiciendis voluptas corporis.', 2, '2019-03-14 13:22:13', '2019-03-14 13:22:13'),
(10, 23, 'Prof. Ahmed Collier', 'In omnis et quia error pariatur. Sunt quia magnam placeat mollitia non. Cum impedit voluptatem quasi quas nam. Iste accusantium reiciendis aut repellendus vel.', 2, '2019-03-14 13:22:13', '2019-03-14 13:22:13'),
(11, 31, 'Carley Haley DVM', 'In in labore rerum eius voluptatem sint asperiores. Autem ullam dolores praesentium est natus illo praesentium. Eum atque omnis occaecati.', 2, '2019-03-14 13:22:13', '2019-03-14 13:22:13'),
(12, 36, 'Ms. Mattie Hoeger', 'Id dolores vel amet. Deserunt consequatur alias aut enim. At sed placeat at voluptas in aut voluptate. Et culpa et aliquam illum quibusdam. Dolorum optio voluptatum sint ut rem et.', 0, '2019-03-14 13:22:13', '2019-03-14 13:22:13'),
(13, 22, 'Mr. Sedrick Will PhD', 'Harum iusto et dolore dolorem. In provident aut provident qui occaecati et. Ad dolores doloribus sit consequatur explicabo rerum deserunt.', 5, '2019-03-14 13:22:13', '2019-03-14 13:22:13'),
(14, 30, 'Dr. Leopold Aufderhar', 'Reiciendis facilis vel repellendus. Et reprehenderit et magnam qui quasi. Doloremque labore possimus ut commodi suscipit.', 3, '2019-03-14 13:22:13', '2019-03-14 13:22:13'),
(15, 10, 'Vivian Daugherty', 'Quos ducimus quis at. Et voluptas rerum molestiae omnis. Ipsam reiciendis iste mollitia minima et natus in aliquam.', 2, '2019-03-14 13:22:13', '2019-03-14 13:22:13'),
(16, 23, 'Marisa Wunsch', 'Doloremque sed et illum nam iusto eaque. Ipsam et modi tenetur voluptatem culpa. Quis quia aut ipsa ducimus quo dolorem voluptatem.', 5, '2019-03-14 13:22:13', '2019-03-14 13:22:13'),
(17, 2, 'Prof. Josue Ratke I', 'Eaque possimus recusandae omnis sapiente debitis autem. Necessitatibus minima sint possimus qui optio beatae aperiam. Aut rerum maiores quo aperiam quam velit. Aliquam odit ea et et tempore rerum minima.', 4, '2019-03-14 13:22:13', '2019-03-14 13:22:13'),
(18, 45, 'Dr. Juliana Wisoky', 'Aut dolorem vel et voluptas assumenda. Aperiam quis ducimus ut nulla dignissimos ad. Odit ut numquam eum quia minus quibusdam. Ut qui totam iste aut perspiciatis.', 4, '2019-03-14 13:22:13', '2019-03-14 13:22:13'),
(19, 28, 'Marguerite Cartwright', 'Quasi aperiam reiciendis molestiae dolorem eum iste. Asperiores vel similique nulla voluptatum qui ea. Sunt voluptates quasi voluptas molestiae rem fuga.', 3, '2019-03-14 13:22:13', '2019-03-14 13:22:13'),
(20, 7, 'Vesta Blick', 'Quo doloribus suscipit illum eum autem laborum reprehenderit. Veniam et eveniet dicta et mollitia necessitatibus. Distinctio quaerat odit pariatur voluptatem aperiam autem natus.', 0, '2019-03-14 13:22:13', '2019-03-14 13:22:13'),
(21, 15, 'Prof. Uriel Wolff Jr.', 'Deserunt ratione aut sit eos atque error. Cumque omnis nobis possimus excepturi et. Fuga ea et repellat fugit.', 2, '2019-03-14 13:22:13', '2019-03-14 13:22:13'),
(22, 3, 'Daniela Huels', 'Possimus labore eos a ut dolores. Nam dolorem dicta totam. Fugiat explicabo mollitia exercitationem omnis culpa est eveniet. Et vel quia aut omnis et fugit qui.', 0, '2019-03-14 13:22:13', '2019-03-14 13:22:13'),
(23, 48, 'Emmet Bogan PhD', 'Enim sunt sequi aspernatur magni. Nostrum accusamus dolores molestias iure. Et ad accusamus soluta fugiat occaecati sunt sed. In et rem praesentium necessitatibus voluptatum ea ut nemo.', 2, '2019-03-14 13:22:13', '2019-03-14 13:22:13'),
(24, 26, 'Brandt Littel I', 'Sunt voluptas aspernatur rerum cum veritatis iste dolorem. Eum nulla voluptatem earum dolores accusantium dignissimos. Libero velit velit unde adipisci eligendi veniam optio ut. Excepturi facilis odio repellendus optio.', 2, '2019-03-14 13:22:13', '2019-03-14 13:22:13'),
(25, 14, 'Prof. Ozella Williamson DVM', 'Tempora beatae asperiores omnis non doloribus vero nesciunt. Perferendis omnis occaecati quos odio aut ut. Odit sed libero quo sunt.', 4, '2019-03-14 13:22:13', '2019-03-14 13:22:13'),
(26, 22, 'Hollie Maggio', 'Mollitia ut eveniet ut nostrum omnis voluptates. Molestiae ipsa numquam fugiat sapiente. Ex voluptas eos non fugiat alias qui et aut.', 0, '2019-03-14 13:22:13', '2019-03-14 13:22:13'),
(27, 50, 'Brenden Schneider', 'Qui et dolores doloremque fugiat. Ipsam a sed aut. Iste repellendus minus tempore provident.', 4, '2019-03-14 13:22:13', '2019-03-14 13:22:13'),
(28, 14, 'Nyasia Gutmann', 'Esse numquam quae consectetur molestiae. Voluptatibus nulla laborum nobis ut omnis officiis soluta sunt. Est dolore accusantium id cupiditate sit dolorem. Aperiam magni dolor quia qui rerum.', 1, '2019-03-14 13:22:13', '2019-03-14 13:22:13'),
(29, 9, 'Cordelia Ullrich', 'Velit et possimus quidem facere aut omnis. Repudiandae repellat voluptas ipsum impedit illo quidem officia. Quaerat sint et ab et deserunt quasi ea. Qui est maiores veritatis hic et.', 1, '2019-03-14 13:22:13', '2019-03-14 13:22:13'),
(30, 16, 'Darren Hill', 'Neque et et asperiores tempora. Sed quo minus consequatur nihil et. Mollitia saepe eos ut ea iure illum. Asperiores alias amet error sunt quisquam.', 4, '2019-03-14 13:22:13', '2019-03-14 13:22:13'),
(31, 16, 'Zola Roberts', 'Dolorum nostrum quis provident id et. Architecto minima numquam veniam placeat praesentium numquam. Voluptas excepturi mollitia et id et consequuntur qui. Temporibus repellat veritatis quam provident consequatur.', 1, '2019-03-14 13:22:13', '2019-03-14 13:22:13'),
(32, 12, 'Dr. Mable Sipes IV', 'Aliquid hic aut et rem asperiores. Voluptatem cupiditate optio omnis necessitatibus sit similique magnam. Dolorem nobis eos ad temporibus voluptatem. Sapiente expedita soluta voluptate autem officia corporis autem.', 5, '2019-03-14 13:22:13', '2019-03-14 13:22:13'),
(33, 26, 'Clara Balistreri', 'Sint sint fuga minima consequuntur officiis. Qui aut modi quas nulla. Omnis consequatur officia dolore expedita temporibus a quod. Nesciunt quisquam at doloribus perferendis facilis commodi.', 0, '2019-03-14 13:22:14', '2019-03-14 13:22:14'),
(34, 29, 'Lysanne White', 'Laboriosam laborum facilis nihil consequatur et esse aut. Deserunt veniam eum laudantium perspiciatis. Tenetur itaque dicta facere iste tempora consequatur quia. Ab aliquam repellat et recusandae nesciunt et.', 3, '2019-03-14 13:22:14', '2019-03-14 13:22:14'),
(35, 20, 'Mr. Lambert Satterfield DDS', 'Ut sunt reprehenderit atque quasi. Similique et ut qui quasi occaecati error consectetur. Qui in et architecto et unde qui.', 1, '2019-03-14 13:22:14', '2019-03-14 13:22:14'),
(36, 40, 'Dr. Susan McCullough', 'Dolor sint ullam porro non. Doloribus asperiores ex modi commodi quasi sit. Et sed quas corporis facere dolores exercitationem. Est ea quos enim id unde provident.', 5, '2019-03-14 13:22:14', '2019-03-14 13:22:14'),
(37, 41, 'Rylan Brown', 'Porro ex suscipit adipisci quisquam. Qui qui suscipit facere necessitatibus quo necessitatibus error sit. Ullam cum et voluptatibus reprehenderit iusto corrupti est.', 0, '2019-03-14 13:22:14', '2019-03-14 13:22:14'),
(38, 43, 'Miss Retha Beatty', 'Doloremque aliquam est ipsum ea odio sit sapiente. Est eum in dolorem. Ipsam et minima dolor hic omnis sit non et. Voluptatibus maiores dolorem nemo et.', 2, '2019-03-14 13:22:14', '2019-03-14 13:22:14'),
(39, 25, 'Prof. Albertha Ernser IV', 'Ullam et ea unde cupiditate. Est omnis voluptate est necessitatibus consequatur aut. Fuga optio pariatur sunt temporibus culpa. Sit nulla temporibus nulla maxime tempora consequatur.', 1, '2019-03-14 13:22:14', '2019-03-14 13:22:14'),
(40, 35, 'Jaunita Breitenberg', 'Voluptatem velit magni tempore. Ex inventore eius et qui provident soluta explicabo praesentium. Rerum ut sunt et itaque. Quibusdam nobis delectus corrupti earum consequatur quae. Et voluptatem aliquam laudantium ad dolorem recusandae.', 4, '2019-03-14 13:22:14', '2019-03-14 13:22:14'),
(41, 5, 'Ryleigh Stark', 'Laborum officia corrupti velit non optio libero. Aut cupiditate dolore molestiae consequatur. Vero dolore est itaque eos rerum iusto dolore. Vel reiciendis dolore nam voluptatem placeat sed consectetur saepe.', 0, '2019-03-14 13:22:14', '2019-03-14 13:22:14'),
(42, 34, 'Hardy Schulist Jr.', 'Culpa minima velit et animi qui architecto suscipit consequatur. Culpa commodi non eum ex. Iste voluptatem necessitatibus recusandae iste quidem.', 1, '2019-03-14 13:22:14', '2019-03-14 13:22:14'),
(43, 6, 'Marcellus Langosh', 'Earum sed aut et cupiditate illum quia voluptatem. Mollitia ut assumenda exercitationem voluptate et sint cupiditate a. Iure maiores occaecati odio. Molestiae iusto dolorem id praesentium nesciunt nam.', 3, '2019-03-14 13:22:14', '2019-03-14 13:22:14'),
(44, 39, 'Johnson Murray', 'Ipsum sequi aspernatur quam nobis. Qui dolorem tempore aliquid rerum. Consequatur molestias nostrum quis voluptate fugit est. Eum nobis nesciunt ducimus sed architecto voluptates velit.', 5, '2019-03-14 13:22:14', '2019-03-14 13:22:14'),
(45, 32, 'Ila Cummings', 'Sed nulla et est. Aspernatur natus corrupti consequatur nulla. Reiciendis cumque rerum odio facere aspernatur. Reprehenderit perspiciatis vero quasi.', 5, '2019-03-14 13:22:14', '2019-03-14 13:22:14'),
(46, 33, 'Orpha Denesik', 'Sed quis sit possimus autem ea. Ducimus consequatur et ut distinctio. Non rerum ut adipisci fugit sint voluptas eos dolorum. Veritatis est possimus voluptatem provident doloribus labore.', 5, '2019-03-14 13:22:14', '2019-03-14 13:22:14'),
(47, 42, 'Mr. Lane Dooley Sr.', 'Quam voluptate accusamus enim. Iure quia quos sed quis ut quia. Quis amet ab et omnis eum.', 0, '2019-03-14 13:22:14', '2019-03-14 13:22:14'),
(48, 9, 'Dr. Roman Schimmel', 'Ut doloremque architecto dolor ullam mollitia. Voluptatibus nisi omnis est voluptas. Sunt voluptas similique voluptatibus et.', 0, '2019-03-14 13:22:14', '2019-03-14 13:22:14'),
(49, 26, 'Kylie Jacobi V', 'Reprehenderit dicta velit quas accusamus nam maiores. Et molestiae cupiditate et amet totam dolorem veritatis qui. Totam numquam et molestiae in libero voluptas. Velit est nam ipsum perspiciatis.', 4, '2019-03-14 13:22:14', '2019-03-14 13:22:14'),
(50, 13, 'Manuela Ernser', 'Non deleniti quis qui omnis quia provident. Earum vero est omnis quo sed corrupti aliquam vero. Vitae eos est earum nihil est voluptatem voluptatem.', 4, '2019-03-14 13:22:14', '2019-03-14 13:22:14'),
(51, 2, 'Ebony Kutch', 'Beatae similique eos ducimus reiciendis voluptas eum aliquid. Incidunt autem quia ipsam consectetur ut saepe. Deserunt voluptatibus iste cum quia.', 2, '2019-03-14 13:22:14', '2019-03-14 13:22:14'),
(52, 13, 'Daphne Davis', 'Ut saepe ex laborum adipisci. Hic quod deserunt dolor ut et odit perspiciatis. Harum libero sunt provident mollitia quia possimus. Sit non illo tempore veniam.', 0, '2019-03-14 13:22:14', '2019-03-14 13:22:14'),
(53, 44, 'Annabell Lebsack', 'Dolores officiis eos ut numquam dolores nisi rerum doloribus. Inventore odit omnis distinctio et. Qui libero assumenda enim qui.', 4, '2019-03-14 13:22:14', '2019-03-14 13:22:14'),
(54, 47, 'Marlene Rutherford I', 'Quaerat saepe recusandae voluptas id quaerat. Et suscipit distinctio et perferendis. Quas quis aut aspernatur est numquam.', 0, '2019-03-14 13:22:14', '2019-03-14 13:22:14'),
(55, 3, 'Oran Franecki', 'Deserunt voluptas dolorem iure aut. Illum consectetur aut animi tenetur aut.', 1, '2019-03-14 13:22:14', '2019-03-14 13:22:14'),
(56, 14, 'Shayne Pacocha', 'Rerum commodi magni ut perferendis laborum qui. Voluptatem repellendus beatae aut itaque placeat. Animi pariatur blanditiis dolorum veritatis quas consequatur. Soluta praesentium qui dolor reiciendis.', 1, '2019-03-14 13:22:14', '2019-03-14 13:22:14'),
(57, 38, 'Prof. Camron Luettgen', 'Est dolor aut officiis porro dolore. Placeat et qui cupiditate voluptate odit enim. Sint dolorem rerum aperiam vel quasi cupiditate.', 1, '2019-03-14 13:22:14', '2019-03-14 13:22:14'),
(58, 16, 'Arlo Swift', 'Ipsa adipisci et sequi quaerat excepturi. Quam quia error voluptatum et porro sint. Nobis velit deleniti facere sint consequatur rerum.', 2, '2019-03-14 13:22:14', '2019-03-14 13:22:14'),
(59, 1, 'Coleman Berge MD', 'Et enim eos cum facere illo. At dicta beatae quod tempore ut qui ea. Excepturi quos et voluptas eaque vitae. Quis eius qui numquam repellendus omnis aut.', 5, '2019-03-14 13:22:14', '2019-03-14 13:22:14'),
(60, 4, 'Amie Bailey', 'Non dolorem voluptatum nemo vitae doloremque sit aut. Eveniet voluptatem in reiciendis consequatur. Molestiae repellendus id velit et dolor perferendis maiores. Et laborum voluptatem consequatur sed corporis.', 1, '2019-03-14 13:22:14', '2019-03-14 13:22:14'),
(61, 45, 'Giovanni Swaniawski', 'Quae autem ea dignissimos delectus voluptas aut. Quia veniam aut sed. Nobis sunt sit cupiditate.', 3, '2019-03-14 13:22:14', '2019-03-14 13:22:14'),
(62, 3, 'Mr. Ronny Lakin', 'Omnis autem recusandae omnis suscipit ut. Fugit recusandae est qui aut neque in. Et enim et et dolorem. Eum soluta sint et sit quia porro laudantium. Excepturi iure pariatur temporibus quo quae aliquam.', 4, '2019-03-14 13:22:14', '2019-03-14 13:22:14'),
(63, 49, 'Garrick Wolff', 'Occaecati porro cupiditate hic ea vero accusamus voluptas necessitatibus. Sint et nobis assumenda quis aliquam. Et architecto consectetur qui dolor voluptatum dolore nam inventore. Ullam quod sit et et non et.', 1, '2019-03-14 13:22:14', '2019-03-14 13:22:14'),
(64, 18, 'Lazaro McClure III', 'Sunt ut ut id eligendi possimus in. Eligendi nesciunt adipisci dolor repellat ea qui ut. Est nulla harum voluptate voluptatem sed facere minus.', 0, '2019-03-14 13:22:14', '2019-03-14 13:22:14'),
(65, 29, 'Ernestine Beahan', 'Ratione quia minima accusantium sit et harum aperiam. Consequuntur omnis et blanditiis. Quis et non laudantium sit vero voluptatem facilis. Ullam qui consequatur qui eveniet.', 5, '2019-03-14 13:22:14', '2019-03-14 13:22:14'),
(66, 5, 'Dr. Lenore Kessler Jr.', 'Qui placeat quod quia fuga. Ea molestiae est sunt officiis est repellat est ut. Enim nostrum velit officia quis.', 3, '2019-03-14 13:22:14', '2019-03-14 13:22:14'),
(67, 24, 'Corbin Pfannerstill', 'Iste velit ea consequatur molestiae et. Quia ex consequatur tenetur quo vero nesciunt.', 1, '2019-03-14 13:22:14', '2019-03-14 13:22:14'),
(68, 22, 'Kane Reichert', 'Inventore molestiae et deserunt ea vero. Eos sapiente rerum et qui laudantium qui reprehenderit eveniet. Laboriosam vitae non ullam dolorem.', 0, '2019-03-14 13:22:14', '2019-03-14 13:22:14'),
(69, 23, 'Prof. Harold Grimes', 'Molestiae dolor vel qui ad harum. Et eos quo pariatur. Aut optio omnis tempora iste est. Consequatur harum tenetur nostrum ullam repellat dolore ut. Maiores ratione quidem exercitationem nemo rem dolor soluta dicta.', 4, '2019-03-14 13:22:14', '2019-03-14 13:22:14'),
(70, 22, 'Mollie Mohr', 'Sunt ea dolor possimus nulla modi. Inventore rerum reiciendis commodi et aut. Dolor accusamus quae et rem esse amet.', 4, '2019-03-14 13:22:15', '2019-03-14 13:22:15'),
(71, 46, 'Marcelino Wyman', 'Et quam excepturi voluptatibus necessitatibus quasi error. Voluptatem placeat sit quasi repellendus. Similique tempore dicta recusandae quam cumque sunt magnam. Consequuntur eius modi iste.', 5, '2019-03-14 13:22:15', '2019-03-14 13:22:15'),
(72, 41, 'Ole Willms Sr.', 'Est sunt laboriosam facilis incidunt. Consequuntur itaque porro dolor beatae distinctio minima. Ut dicta et quos at labore optio neque autem. Sunt ut maiores cumque non exercitationem. Nulla illo sunt voluptas nemo eius architecto dolores.', 2, '2019-03-14 13:22:15', '2019-03-14 13:22:15'),
(73, 14, 'Ada Johns', 'Eum id ab odio voluptatem. Quibusdam ea accusantium quibusdam. Dolorem quidem nemo ea saepe.', 1, '2019-03-14 13:22:15', '2019-03-14 13:22:15'),
(74, 21, 'Jamaal Baumbach', 'Doloremque dolores repudiandae consequatur vero qui illo nihil. Id ut veniam et harum. Quas voluptatem laborum non quod reprehenderit. Iusto et nulla dolor vel sed assumenda qui.', 1, '2019-03-14 13:22:15', '2019-03-14 13:22:15'),
(75, 21, 'Evangeline Wyman', 'Maiores earum vero praesentium et quasi. Error ducimus dolores sint sed quaerat ea deserunt. In illum soluta officia atque repudiandae. Aliquam mollitia harum et aut in cupiditate. Assumenda nulla illum eius quibusdam.', 5, '2019-03-14 13:22:15', '2019-03-14 13:22:15'),
(76, 41, 'Ms. Melissa Trantow IV', 'Voluptatem cum voluptatem asperiores cum eos rerum. Et quam est rerum praesentium sit laborum est. Suscipit error velit et qui beatae. Repellendus occaecati molestiae eos dolorem et. Maxime nemo officia delectus nostrum temporibus dignissimos eius laborum.', 4, '2019-03-14 13:22:15', '2019-03-14 13:22:15'),
(77, 16, 'Skye Buckridge', 'Ut dolorem recusandae reiciendis recusandae quo ea ea. Maiores expedita aperiam itaque nihil harum eos iusto. Tenetur placeat consequatur accusantium architecto quia. Excepturi necessitatibus odit odio placeat necessitatibus nemo aut.', 1, '2019-03-14 13:22:15', '2019-03-14 13:22:15'),
(78, 30, 'Dr. Kody Hickle DDS', 'Eum similique vel fugiat ut. Id omnis velit enim in doloribus. Est deleniti quasi voluptatem eaque. Temporibus esse id ut perferendis est eum eligendi.', 3, '2019-03-14 13:22:15', '2019-03-14 13:22:15'),
(79, 12, 'Prof. Grady Conroy', 'Quod provident quasi aperiam omnis et sapiente modi eaque. Sapiente voluptas cum commodi provident quas. Voluptatem sed et dolores id est iusto et. Expedita similique doloribus ut praesentium impedit vitae architecto.', 0, '2019-03-14 13:22:15', '2019-03-14 13:22:15'),
(80, 41, 'Stephon Runolfsson', 'Aspernatur ipsam quos laboriosam omnis veniam officiis eum. Omnis accusamus et iusto dicta excepturi. Nihil ut exercitationem ut explicabo ut consequuntur sunt. Est ut odio voluptatem vel magni quo cupiditate.', 2, '2019-03-14 13:22:15', '2019-03-14 13:22:15'),
(81, 15, 'Lesly Heller', 'Id atque qui ipsa numquam eveniet laboriosam. Minus voluptatum quo voluptas ut corporis. Consequatur porro mollitia voluptatem velit vitae. Necessitatibus sed repellat vero quis recusandae facere iste. Magni quia culpa quo vitae voluptatem repudiandae.', 2, '2019-03-14 13:22:15', '2019-03-14 13:22:15'),
(82, 15, 'Isidro Oberbrunner I', 'Neque eligendi autem hic temporibus. Eveniet ut et earum nisi architecto nihil. Facilis non et voluptatem ipsam. Beatae aut dicta omnis dignissimos autem optio.', 5, '2019-03-14 13:22:15', '2019-03-14 13:22:15'),
(83, 39, 'Rosario Ratke', 'Culpa mollitia est culpa dolore voluptatibus vitae perspiciatis labore. Soluta amet hic a eum minus minima. Laudantium quidem eum consequatur.', 0, '2019-03-14 13:22:15', '2019-03-14 13:22:15'),
(84, 1, 'Dr. Kenya Volkman II', 'Similique voluptas quia possimus qui voluptatem qui iusto vel. Omnis ut sed velit. Ipsa hic similique quae at sit debitis.', 2, '2019-03-14 13:22:15', '2019-03-14 13:22:15'),
(85, 22, 'Abdul Dickinson', 'A distinctio libero qui sapiente fuga. Voluptatibus rem qui magni ut occaecati modi quia praesentium. Quae delectus ratione occaecati iusto fuga nesciunt.', 5, '2019-03-14 13:22:15', '2019-03-14 13:22:15'),
(86, 34, 'Prof. Justen Schneider', 'Nihil quis enim et impedit. Libero neque at sunt velit est qui sunt. Quia eum modi vero tempore. Nostrum voluptatem molestiae atque beatae quo.', 2, '2019-03-14 13:22:15', '2019-03-14 13:22:15'),
(87, 10, 'Devante Heaney', 'Consequuntur et qui facilis et. Deserunt molestiae quisquam id et. Quod qui facilis cumque minima ipsa nam et.', 1, '2019-03-14 13:22:15', '2019-03-14 13:22:15'),
(88, 10, 'Carolyn Blanda Jr.', 'Explicabo sit et alias odio numquam aliquid. Corrupti deleniti aspernatur cupiditate dolorem dolorum commodi ea. Quis debitis tempore iusto velit sapiente. Voluptate et dolores consequuntur non explicabo corrupti.', 0, '2019-03-14 13:22:15', '2019-03-14 13:22:15'),
(89, 17, 'Dr. Theresia Hodkiewicz IV', 'Iure voluptas praesentium officiis dolor et ad fuga. Consequatur exercitationem perferendis consequatur. Doloribus qui et qui esse.', 4, '2019-03-14 13:22:15', '2019-03-14 13:22:15'),
(90, 19, 'Mrs. Adella Prosacco', 'Sit et voluptas sit facere qui eos facere. Animi sunt voluptatem reiciendis voluptatem enim quis. Ducimus est omnis est assumenda.', 5, '2019-03-14 13:22:15', '2019-03-14 13:22:15'),
(91, 9, 'Mrs. Vivienne Hayes III', 'Quis mollitia earum nesciunt. Dolore sit consequatur dolores. Aliquid et aut architecto in quae.', 2, '2019-03-14 13:22:15', '2019-03-14 13:22:15'),
(92, 37, 'Dr. Hadley Kulas', 'Optio autem perferendis in inventore. Et in nesciunt consequatur laudantium. Ipsum cum vel est. Tempore magnam facilis quidem consequatur expedita facere distinctio et. In et ipsam ipsam ea.', 1, '2019-03-14 13:22:15', '2019-03-14 13:22:15'),
(93, 21, 'Domenic Pouros', 'Iste laboriosam doloremque dolores unde non aut illum odio. Harum minus corporis unde deleniti omnis.', 1, '2019-03-14 13:22:15', '2019-03-14 13:22:15'),
(94, 21, 'Emie Yost', 'Voluptatem voluptas itaque exercitationem iure consequatur ipsam eius. Nihil hic aut cumque dolorum dolore. Molestiae voluptas ratione quaerat labore distinctio sed quis in. Voluptas sed consequatur est voluptatem quia.', 0, '2019-03-14 13:22:15', '2019-03-14 13:22:15'),
(95, 47, 'Elva Purdy', 'Ullam quas magni dignissimos rerum aut dolor dolorem sint. Quia dolor reiciendis voluptatem dolor modi. Omnis unde itaque voluptates doloribus dolore. Fugit dolorum ipsam eveniet quia consectetur.', 5, '2019-03-14 13:22:15', '2019-03-14 13:22:15'),
(96, 11, 'Logan Friesen', 'Et voluptatibus autem ipsum cupiditate ex. Consectetur assumenda iure debitis inventore. Sunt aut maiores ab ab molestiae sit at.', 2, '2019-03-14 13:22:15', '2019-03-14 13:22:15'),
(97, 43, 'Dr. Jessy Dickens', 'Corrupti vel ut nostrum inventore quas vero. Culpa aut necessitatibus et sed. Qui id maiores illum doloremque explicabo. Quos doloremque non quis et.', 3, '2019-03-14 13:22:15', '2019-03-14 13:22:15'),
(98, 14, 'Simeon Klein', 'Occaecati odit ea provident sit ut recusandae. Quas iusto possimus perferendis voluptatibus ut.', 5, '2019-03-14 13:22:15', '2019-03-14 13:22:15'),
(99, 45, 'Prof. Ursula Funk', 'Sapiente officiis nemo qui est mollitia. Nostrum quod eum fuga quis occaecati pariatur sunt. Libero incidunt et occaecati assumenda.', 2, '2019-03-14 13:22:15', '2019-03-14 13:22:15'),
(100, 38, 'Katelin West V', 'Eum saepe et fugit facere id. Autem reiciendis ea voluptatum. Ea et recusandae dolores non.', 3, '2019-03-14 13:22:15', '2019-03-14 13:22:15'),
(101, 24, 'Savanah Frami', 'Assumenda pariatur reprehenderit similique aut rerum numquam. Optio illum nulla quaerat voluptate cum ea facere. Ex quia exercitationem iusto non architecto non perferendis perspiciatis. Harum qui veritatis dignissimos.', 3, '2019-03-14 13:22:15', '2019-03-14 13:22:15'),
(102, 33, 'Dr. Sydney Douglas', 'Eveniet aliquid ea culpa possimus maiores deleniti. Necessitatibus ex ut incidunt non. Doloribus temporibus sunt tempora quia aliquid nihil. Voluptate enim et aut ut.', 2, '2019-03-14 13:22:15', '2019-03-14 13:22:15'),
(103, 30, 'Chaya Schmeler', 'Alias deleniti dolorem numquam non. Nulla aliquam ipsum facere commodi. Reprehenderit cum praesentium et.', 2, '2019-03-14 13:22:15', '2019-03-14 13:22:15'),
(104, 30, 'Miss Modesta Deckow', 'Eaque voluptatem ut incidunt architecto molestiae. Soluta voluptas explicabo nesciunt nesciunt esse non corrupti. Possimus voluptas esse tempora sit quas quis.', 2, '2019-03-14 13:22:15', '2019-03-14 13:22:15'),
(105, 8, 'Dr. Lauryn Huel Jr.', 'Perferendis ut omnis cupiditate dolorem explicabo et. Sed maiores maxime vitae modi.', 3, '2019-03-14 13:22:15', '2019-03-14 13:22:15'),
(106, 11, 'Connie Veum', 'Asperiores repudiandae eveniet id eum non. Voluptas velit omnis fugit quo. Et pariatur aliquid ea laboriosam aut sit et accusantium. Illum a aut et consectetur unde.', 4, '2019-03-14 13:22:15', '2019-03-14 13:22:15'),
(107, 22, 'Dr. Angus Nicolas', 'Et ab autem doloremque quam deserunt dolores. Atque dolores numquam quidem libero quod maxime. Laborum quia minima nihil deserunt. Rerum quia totam nulla. Velit explicabo distinctio accusamus.', 1, '2019-03-14 13:22:15', '2019-03-14 13:22:15'),
(108, 47, 'Billy Terry', 'Distinctio itaque vero sapiente eveniet aspernatur ab. Eos inventore et quia neque. Tempora magni quod et alias quibusdam possimus.', 1, '2019-03-14 13:22:16', '2019-03-14 13:22:16'),
(109, 11, 'Chauncey Maggio', 'Debitis id et cum dolor id est. Quod dolore asperiores architecto nam non dicta similique. Quisquam atque molestias in debitis nulla commodi. Nisi vel exercitationem et vel enim.', 1, '2019-03-14 13:22:16', '2019-03-14 13:22:16'),
(110, 12, 'Tyrique Fay', 'Fugiat modi voluptatem harum. Sed ad ut recusandae sapiente officia ut. Porro eaque consequatur laborum sequi facilis natus natus non. Est doloremque et fugiat vero aliquid.', 4, '2019-03-14 13:22:16', '2019-03-14 13:22:16'),
(111, 14, 'Prof. Albert Rempel', 'Id quibusdam neque quia ullam nulla non. Itaque velit autem voluptate omnis error accusamus doloremque. Et mollitia quisquam optio at nihil eius quaerat.', 1, '2019-03-14 13:22:16', '2019-03-14 13:22:16'),
(112, 11, 'Sibyl Torp', 'Eum nam voluptatibus recusandae ut recusandae dolores. Aut sunt quos possimus distinctio voluptas sunt veritatis. Voluptate qui qui fugiat et. Et nesciunt consectetur sunt ut est laudantium.', 4, '2019-03-14 13:22:16', '2019-03-14 13:22:16'),
(113, 42, 'Samir Gislason', 'Ipsum non dolore nulla vitae. Et amet et et est. Aut quibusdam reprehenderit veniam est provident doloribus.', 1, '2019-03-14 13:22:16', '2019-03-14 13:22:16'),
(114, 4, 'Nasir Runolfsson', 'Impedit eaque veritatis non officia ut fugit aut tempora. Qui ex odit ut porro alias quasi iure.', 1, '2019-03-14 13:22:16', '2019-03-14 13:22:16'),
(115, 2, 'Ms. Petra Swaniawski', 'Asperiores amet laborum omnis velit eum et sint. Facilis cumque commodi dolorem atque nobis commodi. Voluptate voluptates consequatur dicta soluta.', 3, '2019-03-14 13:22:16', '2019-03-14 13:22:16'),
(116, 2, 'Valentin Wisoky', 'Autem voluptatibus similique perspiciatis tenetur dolores sunt cumque. Molestias beatae tenetur est doloremque consequatur quasi. Est provident non amet dolorem et repellat.', 0, '2019-03-14 13:22:16', '2019-03-14 13:22:16'),
(117, 42, 'Oren Collins', 'Odit quia dolorum recusandae ab eum impedit velit. In deleniti ut sint nisi eligendi et assumenda qui. Neque temporibus qui itaque sed earum odio esse. Ut in vel quas aliquid repellendus ut.', 0, '2019-03-14 13:22:16', '2019-03-14 13:22:16'),
(118, 28, 'Mr. Werner Schmitt DVM', 'Numquam tenetur id totam mollitia quia tenetur quis. Dolores ipsum id vitae minima.', 0, '2019-03-14 13:22:16', '2019-03-14 13:22:16'),
(119, 24, 'Edmund Rempel', 'Vitae iure dolorem rem dolor quas. Voluptas facere omnis dolorem tenetur magni facere suscipit.', 2, '2019-03-14 13:22:16', '2019-03-14 13:22:16'),
(120, 16, 'Nicolette Balistreri', 'Quo voluptas eum mollitia corrupti totam. Qui et est fugiat distinctio ea. Architecto pariatur suscipit recusandae impedit et ipsum. Blanditiis sunt delectus eum.', 2, '2019-03-14 13:22:16', '2019-03-14 13:22:16'),
(121, 5, 'Taryn Leuschke', 'Sed pariatur placeat quis modi et. Atque dolor et quae temporibus numquam cum. Quia sed minima nulla atque. Temporibus ea pariatur autem dignissimos nobis odio ad.', 4, '2019-03-14 13:22:16', '2019-03-14 13:22:16'),
(122, 49, 'Verna Quitzon', 'Sed aliquid labore nostrum nihil. Et vel placeat placeat aut est. Numquam vel consequatur aut aut. Pariatur repudiandae voluptatem expedita molestiae vel voluptas ea.', 3, '2019-03-14 13:22:16', '2019-03-14 13:22:16'),
(123, 33, 'Prof. Gianni Oberbrunner IV', 'Repudiandae cumque modi aut ducimus illum. Nostrum ea quibusdam non.', 5, '2019-03-14 13:22:16', '2019-03-14 13:22:16'),
(124, 26, 'Gladys Streich', 'Cupiditate tenetur iste aliquam ut tenetur doloribus mollitia deleniti. Consequatur qui accusantium numquam fugiat ea non illum.', 3, '2019-03-14 13:22:16', '2019-03-14 13:22:16'),
(125, 45, 'Sterling Connelly', 'Quis quo nihil recusandae quo qui at. Nobis dolor sed atque et voluptate error itaque sit. Beatae molestiae sit ex corrupti reprehenderit officia. Aspernatur voluptatem aut earum quidem eius nihil. Quia aut qui recusandae qui.', 3, '2019-03-14 13:22:16', '2019-03-14 13:22:16'),
(126, 34, 'Quinten Pfeffer', 'Ut odit et nisi facilis autem non. Animi officia facilis ipsa nihil omnis qui corrupti. Esse illum corrupti aut officiis non quia. Non est unde illum.', 0, '2019-03-14 13:22:16', '2019-03-14 13:22:16'),
(127, 3, 'Timmy Murphy', 'Commodi pariatur dolore blanditiis iure earum cupiditate. Nobis fuga doloremque officia qui et molestias. Maxime eos dolores officiis iusto at velit.', 4, '2019-03-14 13:22:16', '2019-03-14 13:22:16'),
(128, 49, 'Prof. Danyka Harvey', 'Dolorum et doloremque dolores sed in consectetur et a. Hic quis voluptatibus fuga ad. Qui vel in ab accusamus impedit vero. Velit sunt totam tempora modi.', 1, '2019-03-14 13:22:16', '2019-03-14 13:22:16'),
(129, 27, 'Melvina Reilly', 'Est voluptas commodi dolore voluptates nihil. Qui sunt ut rem illum blanditiis veritatis inventore vitae. Dolor suscipit recusandae explicabo qui. Iusto veritatis delectus voluptatum.', 3, '2019-03-14 13:22:16', '2019-03-14 13:22:16'),
(130, 49, 'Maxwell Wuckert', 'Rem sint sit at sed voluptatibus voluptates quia eligendi. Dignissimos id iure et placeat. Corporis ea tenetur neque veritatis sit quis dolor. Facilis facilis unde neque similique deleniti.', 5, '2019-03-14 13:22:16', '2019-03-14 13:22:16'),
(131, 31, 'Maud Hand', 'Similique eveniet ea beatae accusamus vel. Enim itaque et numquam. Fuga ad qui ab.', 4, '2019-03-14 13:22:16', '2019-03-14 13:22:16'),
(132, 21, 'Madge Quitzon', 'Blanditiis in qui modi modi deserunt assumenda praesentium. Atque sint voluptatem eius id et. Iusto aut consequatur occaecati amet.', 5, '2019-03-14 13:22:16', '2019-03-14 13:22:16'),
(133, 38, 'Rae Zboncak', 'Quia qui odio laborum incidunt explicabo. Voluptatem ut fuga deleniti laboriosam ut velit. Unde ratione libero quis adipisci.', 0, '2019-03-14 13:22:16', '2019-03-14 13:22:16'),
(134, 6, 'Tracey Greenholt', 'Sit dolorem aliquam esse ut est commodi. Vel perferendis error nemo ut soluta. Ut quia aut libero aut quo perferendis. Fuga tenetur veritatis et id accusantium.', 3, '2019-03-14 13:22:16', '2019-03-14 13:22:16'),
(135, 12, 'Seth Hodkiewicz', 'Praesentium qui qui quia quisquam laboriosam natus dolorem. Deleniti praesentium voluptate et consequatur rem deserunt aut ullam. Et eius sunt soluta qui ab quasi exercitationem.', 1, '2019-03-14 13:22:16', '2019-03-14 13:22:16'),
(136, 14, 'Liza Batz Jr.', 'Architecto ad cumque at similique magnam dolore quia. Est temporibus recusandae autem quo tenetur tempora mollitia similique. Odio corrupti soluta eos magnam beatae.', 3, '2019-03-14 13:22:16', '2019-03-14 13:22:16'),
(137, 47, 'Kiara Hickle Jr.', 'Culpa dolor modi corporis quaerat non consequatur numquam similique. Iste sint impedit molestias tempore impedit est quam. Odit fugiat tempore autem illo delectus. Ratione recusandae illo soluta voluptas minima qui molestiae facere. Dolorem velit sint maiores.', 2, '2019-03-14 13:22:16', '2019-03-14 13:22:16'),
(138, 13, 'Prof. Dewitt Klein IV', 'Harum at quo dignissimos praesentium quia. Aliquam et laboriosam ut neque autem quaerat et. Iusto alias nemo officia est est velit.', 1, '2019-03-14 13:22:16', '2019-03-14 13:22:16'),
(139, 11, 'Leonora Leuschke', 'Voluptate neque voluptas quo. In molestiae unde excepturi voluptatem. Tempore praesentium consequatur sed odit consequatur.', 5, '2019-03-14 13:22:16', '2019-03-14 13:22:16'),
(140, 47, 'Ashley Metz', 'Quo minus consequatur doloribus qui consequatur molestiae. Ducimus expedita aspernatur aut facere quo. Necessitatibus ad eligendi eum et dicta veniam et sit.', 3, '2019-03-14 13:22:16', '2019-03-14 13:22:16'),
(141, 31, 'Prof. Alverta Medhurst', 'Suscipit consequatur ut distinctio fugiat rem. Maiores voluptatem aut veniam aut. Velit necessitatibus dolorem quas commodi.', 5, '2019-03-14 13:22:16', '2019-03-14 13:22:16'),
(142, 16, 'Keshaun Bogan', 'Sed omnis voluptates aliquam illum pariatur est et molestiae. Placeat aspernatur enim aut molestiae autem sed. Modi quidem magni et molestias. Dolores voluptates temporibus necessitatibus qui facere porro. Quibusdam quos et sit dolor ut et cupiditate.', 3, '2019-03-14 13:22:16', '2019-03-14 13:22:16'),
(143, 28, 'Ms. Claudine Hoppe II', 'Et excepturi debitis ab. Nostrum nihil distinctio quisquam eveniet et. Tenetur et est sed porro ipsa. Dignissimos numquam voluptas autem quae dicta qui reprehenderit.', 1, '2019-03-14 13:22:17', '2019-03-14 13:22:17'),
(144, 47, 'Ms. Veronica Graham', 'Molestiae aspernatur omnis consequatur. Non libero voluptatem optio esse facere nostrum. Quis sit dignissimos tempore. Officia earum non sunt unde vel.', 0, '2019-03-14 13:22:17', '2019-03-14 13:22:17'),
(145, 43, 'Mr. Eliseo Borer MD', 'In debitis est sunt excepturi iure illum occaecati. Itaque neque aut beatae ullam quia nemo laboriosam. Ad voluptatibus provident sequi eveniet quibusdam quo fugiat.', 2, '2019-03-14 13:22:17', '2019-03-14 13:22:17'),
(146, 33, 'Junior Lehner', 'Eveniet nemo natus velit neque. Voluptas labore impedit voluptas aliquid. Harum nulla quasi ut autem quas.', 5, '2019-03-14 13:22:17', '2019-03-14 13:22:17'),
(147, 5, 'Prof. Morris Bruen DVM', 'Accusantium rem porro voluptate. Rerum est eos quis atque ut sint. Odit consequuntur sed ipsa accusamus ipsa. Libero velit id voluptatem earum aperiam corporis.', 0, '2019-03-14 13:22:17', '2019-03-14 13:22:17'),
(148, 28, 'Miss Albina Kessler Sr.', 'Amet velit et est maxime harum delectus error sequi. Molestias eaque odio architecto. Vel rerum dolores veritatis omnis. Occaecati non odio quia adipisci.', 4, '2019-03-14 13:22:17', '2019-03-14 13:22:17'),
(149, 8, 'Dr. Jimmy Mayer', 'Eligendi vitae assumenda hic tempore voluptas. Sunt ducimus aut maiores eum dolores voluptate aut. Non sed autem praesentium totam delectus non rem.', 5, '2019-03-14 13:22:17', '2019-03-14 13:22:17'),
(150, 1, 'Cortez Raynor', 'Placeat iure sequi nostrum exercitationem qui eveniet. Quis odio voluptas et culpa et. Aperiam sunt officia itaque est sunt vel dolores. Consequatur veritatis non voluptas cupiditate. Amet officia sunt omnis illum eaque vero ipsum.', 4, '2019-03-14 13:22:17', '2019-03-14 13:22:17'),
(151, 49, 'Mallie Reynolds V', 'Optio voluptatem inventore nostrum vel aut aliquam ea. Dolor sit qui quia unde ab vitae soluta incidunt. Recusandae qui ullam rerum enim ut. Vitae quia molestiae molestiae odit.', 4, '2019-03-14 13:22:17', '2019-03-14 13:22:17'),
(152, 2, 'Alyson Smitham', 'Perferendis officia aut asperiores eveniet ea explicabo. Esse qui temporibus vel modi. Veniam repellendus et velit magni eaque debitis alias voluptatibus. Blanditiis veritatis veritatis iste tempore fugit esse.', 5, '2019-03-14 13:22:17', '2019-03-14 13:22:17'),
(153, 42, 'Kaylah Fahey IV', 'Consectetur sed assumenda qui quam eos. Quia non similique porro non quibusdam sunt amet. Modi eaque eum dolor impedit vero voluptatibus.', 0, '2019-03-14 13:22:17', '2019-03-14 13:22:17'),
(154, 3, 'Dr. Nat Barton', 'Enim sit temporibus magni nesciunt ducimus accusantium dolorem. Similique nihil sapiente aspernatur ea soluta consequuntur in. Ea ut accusantium sed magni aliquid. Error ut fugiat illum et ut sit corporis.', 3, '2019-03-14 13:22:17', '2019-03-14 13:22:17'),
(155, 48, 'Kattie Lebsack', 'Eveniet architecto fugiat dolores. A dolorem vel qui necessitatibus perspiciatis. Et voluptatem ut dolores aspernatur eligendi facilis.', 4, '2019-03-14 13:22:17', '2019-03-14 13:22:17'),
(156, 27, 'London Wuckert', 'Aspernatur natus excepturi quo voluptas saepe. Perferendis vel odio officia et. Omnis molestiae quo cumque sit repudiandae.', 0, '2019-03-14 13:22:17', '2019-03-14 13:22:17'),
(157, 9, 'Keeley Tromp', 'Temporibus soluta velit illo illo. Aliquid ipsum et quia quos. Natus veritatis perferendis tempore dolor est cupiditate. Blanditiis cupiditate tempore maiores quasi ducimus nulla qui ratione.', 1, '2019-03-14 13:22:17', '2019-03-14 13:22:17'),
(158, 22, 'Westley Cremin V', 'Enim explicabo aliquam illum pariatur similique hic. Eum exercitationem aut et quod eum sit tenetur. Voluptatem ea vitae aspernatur.', 3, '2019-03-14 13:22:17', '2019-03-14 13:22:17'),
(159, 16, 'Kaitlyn Yost', 'Dolorem vel iusto ut autem porro. Sunt velit libero est. Impedit adipisci consequuntur et voluptate voluptatem. Ut est eum enim accusamus ipsa rerum.', 1, '2019-03-14 13:22:17', '2019-03-14 13:22:17'),
(160, 12, 'Ransom Terry', 'Et commodi quia ea. Rerum repellendus cumque voluptas quod nulla deserunt voluptatem. Tempore mollitia rerum numquam.', 2, '2019-03-14 13:22:17', '2019-03-14 13:22:17'),
(161, 16, 'Gwen Marvin', 'Repudiandae sunt est nostrum ut voluptatem. Vel mollitia eos aut quo deleniti. Rem libero minus soluta incidunt ut qui. Maiores debitis voluptas unde ullam molestias.', 1, '2019-03-14 13:22:17', '2019-03-14 13:22:17'),
(162, 46, 'Irma Beatty', 'Repellendus quas optio quisquam magnam aliquid voluptatibus rerum. Porro asperiores aut laboriosam animi. Error in deserunt molestiae aspernatur vel delectus laboriosam. Rem sequi vero alias sed vel doloribus libero.', 2, '2019-03-14 13:22:17', '2019-03-14 13:22:17'),
(163, 8, 'Creola Lockman', 'Itaque qui sequi quisquam dolorem. Rerum quis atque quos provident perspiciatis quia. Nobis sit minima iusto ipsum.', 0, '2019-03-14 13:22:17', '2019-03-14 13:22:17'),
(164, 35, 'Mr. Riley McKenzie', 'Eius quisquam similique sint nesciunt qui. Quae enim qui reprehenderit nemo consectetur amet. Reprehenderit quis repellendus vel et sunt.', 1, '2019-03-14 13:22:17', '2019-03-14 13:22:17'),
(165, 15, 'Patricia Trantow', 'Expedita beatae consequatur quod atque soluta. Sunt sint fugiat qui velit doloremque quam ea. Aspernatur facere velit repudiandae.', 3, '2019-03-14 13:22:17', '2019-03-14 13:22:17'),
(166, 29, 'Jaiden Maggio', 'Quis atque et velit nam. Vel laudantium neque repellat laborum at ducimus odit. Voluptatem non natus neque quos. Et nesciunt omnis qui repudiandae ut nulla.', 4, '2019-03-14 13:22:17', '2019-03-14 13:22:17'),
(167, 29, 'Faye McClure', 'Vero doloribus aliquid voluptas. Deleniti consequuntur tempore ut officia et. Velit maxime sed iure ut omnis.', 1, '2019-03-14 13:22:17', '2019-03-14 13:22:17'),
(168, 31, 'Prof. Garrett Graham III', 'Ut praesentium sed sequi totam accusantium. Iusto dolore doloribus quis. Eius eum facere commodi voluptas. Illo rem vel soluta voluptatum dolore assumenda.', 4, '2019-03-14 13:22:17', '2019-03-14 13:22:17'),
(169, 40, 'Shannon Cummings Sr.', 'Provident similique illo tempore consequuntur et. Amet voluptatem ut similique quisquam assumenda sequi minima. Aliquam et distinctio voluptatem numquam eaque mollitia. Accusamus voluptas magni sint tempora vel autem.', 3, '2019-03-14 13:22:17', '2019-03-14 13:22:17'),
(170, 41, 'Mrs. Shawna Zieme', 'Praesentium asperiores laborum dolorum est totam sunt ea. Illum aut recusandae cumque odio adipisci recusandae. Eos nihil dicta a pariatur esse. Et voluptatum qui rerum vel.', 5, '2019-03-14 13:22:17', '2019-03-14 13:22:17'),
(171, 5, 'Hollie Kohler', 'Occaecati sit sit sed ut. Aut repellendus ut maiores qui molestias. Beatae molestias id non similique quia adipisci. Dolore est et occaecati omnis itaque aliquam occaecati officia.', 5, '2019-03-14 13:22:17', '2019-03-14 13:22:17'),
(172, 37, 'Mandy Schamberger', 'Velit placeat quos minus ipsa fugiat. Qui ut temporibus iste vel esse repellat natus. Dignissimos sed saepe ut in. Itaque quibusdam sunt sed.', 5, '2019-03-14 13:22:17', '2019-03-14 13:22:17'),
(173, 9, 'Elody Bashirian', 'Et non voluptates earum unde nemo ipsa vero. Molestiae ad eveniet iure autem. Commodi ut culpa reprehenderit ut eos.', 3, '2019-03-14 13:22:17', '2019-03-14 13:22:17'),
(174, 20, 'Francis Cummings III', 'Aut exercitationem a rem quo quia. Possimus id voluptas tempore ex. Sint iste eum odit error corrupti saepe. Ea non delectus architecto temporibus.', 5, '2019-03-14 13:22:17', '2019-03-14 13:22:17'),
(175, 46, 'Dr. Serenity Harvey', 'Consequatur maiores magnam porro est eligendi laboriosam. Aperiam rerum natus omnis et. Inventore perspiciatis et culpa.', 2, '2019-03-14 13:22:17', '2019-03-14 13:22:17'),
(176, 47, 'Mr. Dudley Barton I', 'Eligendi quo explicabo voluptas aspernatur et eius. Inventore sit vero minus consequatur adipisci. Voluptatem distinctio reprehenderit praesentium repellat eum. Minus in voluptatibus ut qui dolor dolorem.', 3, '2019-03-14 13:22:17', '2019-03-14 13:22:17'),
(177, 36, 'Einar Carroll', 'Est quam voluptatibus adipisci magnam. In saepe voluptas ipsum nemo laborum consequatur. Exercitationem a accusamus beatae. Aut mollitia beatae saepe nemo rem.', 3, '2019-03-14 13:22:17', '2019-03-14 13:22:17'),
(178, 23, 'Dallas Mertz', 'Nobis esse quis blanditiis aspernatur cum veritatis qui. Maiores esse ab velit omnis. Dignissimos soluta recusandae dolorem deleniti. Modi blanditiis eos sed vitae enim est accusantium suscipit.', 5, '2019-03-14 13:22:17', '2019-03-14 13:22:17'),
(179, 39, 'Era Gulgowski', 'Error deleniti reprehenderit velit magni earum natus at. Odit accusantium vel dolor molestiae corporis ut. Minus tenetur modi quia ipsa ex porro. Eos officia accusamus aspernatur aperiam ut. Ratione fugit temporibus quia adipisci.', 1, '2019-03-14 13:22:17', '2019-03-14 13:22:17'),
(180, 23, 'Assunta Schmidt', 'Dolore ut facere temporibus expedita exercitationem. Harum ut ipsum officia cumque eveniet ut. Aliquam perferendis modi velit dolores. Unde quis modi dignissimos pariatur beatae eum.', 1, '2019-03-14 13:22:17', '2019-03-14 13:22:17'),
(181, 48, 'Trent Schmidt', 'Voluptatem alias tempora aliquam placeat. Illum vel consectetur sit non beatae dignissimos. Quo consequatur officia quod est iusto.', 1, '2019-03-14 13:22:18', '2019-03-14 13:22:18'),
(182, 49, 'Prof. Winnifred Renner II', 'Qui laborum distinctio quo consectetur qui quas ullam. Ducimus hic ipsum quaerat eius incidunt perferendis. Est ullam et facilis omnis explicabo. Tempore nihil id at animi a pariatur iure. Et accusantium iste incidunt similique et saepe quis rerum.', 1, '2019-03-14 13:22:18', '2019-03-14 13:22:18'),
(183, 34, 'Ms. Maegan Mante PhD', 'Molestias blanditiis omnis sint est modi exercitationem. Vero mollitia accusamus tempora blanditiis mollitia iure. Aliquid quia omnis eum dolorum fugit quaerat aut.', 2, '2019-03-14 13:22:18', '2019-03-14 13:22:18'),
(184, 35, 'Felix O\'Hara', 'Quam nostrum inventore est corrupti numquam consequatur. Dolorem similique officia ut et enim consequuntur ut quam. Possimus dolores consectetur facilis qui magni.', 3, '2019-03-14 13:22:18', '2019-03-14 13:22:18'),
(185, 21, 'Gerard Little', 'Natus est qui labore accusamus sit rerum qui. Nostrum magnam consectetur aperiam. Aut placeat est sit earum laboriosam tempora.', 4, '2019-03-14 13:22:18', '2019-03-14 13:22:18'),
(186, 20, 'Mr. Darrell McLaughlin', 'Sed est ea sint perferendis. Optio qui alias neque voluptate rerum eaque esse. Odit quasi sed modi mollitia. Qui voluptatem quae non est. Sit delectus nam sapiente dolor necessitatibus sapiente.', 4, '2019-03-14 13:22:18', '2019-03-14 13:22:18'),
(187, 1, 'Vicenta Wintheiser', 'Maxime qui optio distinctio reprehenderit laboriosam molestiae consequatur. Quas id illum velit velit laboriosam. Nobis est quia ex ut eum vitae doloribus. Est deserunt natus ad similique.', 4, '2019-03-14 13:22:18', '2019-03-14 13:22:18'),
(188, 48, 'Dangelo Schowalter', 'Impedit ut sit amet iure. Dicta corrupti cupiditate quo expedita pariatur voluptas aspernatur. Vel delectus repellendus quo expedita. Voluptatem dolor nam et sit mollitia amet fugit fuga.', 2, '2019-03-14 13:22:18', '2019-03-14 13:22:18'),
(189, 37, 'Prof. Vito Baumbach PhD', 'Ut voluptas et quis voluptatum quasi. Doloribus et fugit enim non et similique vero nulla. Est dolores quia vitae sapiente. Rerum sunt dolores autem quis non.', 2, '2019-03-14 13:22:18', '2019-03-14 13:22:18'),
(190, 22, 'Dameon O\'Keefe', 'Voluptatem consectetur aut quidem officiis exercitationem aliquam magnam omnis. Maxime optio eos et similique adipisci. Ipsam quod quod minus qui. Fugit et repudiandae deleniti libero.', 3, '2019-03-14 13:22:18', '2019-03-14 13:22:18'),
(191, 46, 'Olen Paucek MD', 'Dolor maiores molestiae qui qui. Voluptatum necessitatibus nihil harum exercitationem. Doloribus provident ut repellendus itaque a eum dolorem ut.', 5, '2019-03-14 13:22:18', '2019-03-14 13:22:18'),
(192, 14, 'Chanelle Mosciski', 'Aspernatur nihil quo animi eum. Quis vel quis veritatis illum illo dicta aut. Illo neque dolores omnis quas tempore.', 5, '2019-03-14 13:22:18', '2019-03-14 13:22:18'),
(193, 10, 'Fabian Jones', 'Ab accusamus molestiae ab aliquid molestiae repudiandae dolores. Possimus aperiam id et consequuntur ut voluptatem. Iste blanditiis voluptas ut dolores. Sed et sunt rerum qui.', 0, '2019-03-14 13:22:18', '2019-03-14 13:22:18'),
(194, 15, 'Thomas Bogisich II', 'Quis vero illo placeat eaque quia modi et. Qui eaque qui qui doloremque. Quaerat et maxime omnis ratione aut dolorum incidunt.', 3, '2019-03-14 13:22:18', '2019-03-14 13:22:18'),
(195, 11, 'Alfred Balistreri', 'Laboriosam numquam dolor amet ut voluptatibus et blanditiis. Rerum iure placeat sed voluptatibus sint.', 0, '2019-03-14 13:22:18', '2019-03-14 13:22:18'),
(196, 7, 'Bret Prosacco', 'Quia necessitatibus consequatur modi perferendis debitis veritatis. Voluptatem adipisci commodi non reiciendis animi.', 4, '2019-03-14 13:22:18', '2019-03-14 13:22:18'),
(197, 30, 'Nathanial Osinski', 'Quis sit eum ipsam rem et sapiente at rerum. Repellendus nihil autem tempora quia ea. Ut non laboriosam architecto amet.', 4, '2019-03-14 13:22:18', '2019-03-14 13:22:18'),
(198, 8, 'Durward Paucek', 'Numquam exercitationem amet praesentium ut amet vero maxime. Omnis doloribus facilis quidem. Veniam iste cupiditate perspiciatis id omnis et perferendis.', 2, '2019-03-14 13:22:18', '2019-03-14 13:22:18'),
(199, 7, 'Mr. Dameon Watsica', 'Rerum consequatur dolore doloribus. Aut amet aliquam facere consequuntur voluptas. Dolorem voluptas id non dolor illum.', 0, '2019-03-14 13:22:18', '2019-03-14 13:22:18'),
(200, 34, 'Ike Lebsack', 'Esse similique impedit nihil officia aperiam ipsa. Veritatis porro eligendi voluptatem eaque. Expedita quidem assumenda quia. Dolore ex cum suscipit quia omnis sit eveniet.', 3, '2019-03-14 13:22:18', '2019-03-14 13:22:18'),
(201, 19, 'Mr. Brayan Dach IV', 'Et magnam occaecati ea unde sint et. Praesentium nihil porro assumenda dolorum dicta ullam distinctio. Recusandae vel eum consequuntur ab veritatis similique. Necessitatibus id voluptate officia voluptas.', 0, '2019-03-14 13:22:18', '2019-03-14 13:22:18'),
(202, 13, 'Dayne Barrows', 'Voluptate est corporis nihil quo sunt. Excepturi non error voluptate doloremque. Iure et nemo error illo quam delectus quidem.', 1, '2019-03-14 13:22:18', '2019-03-14 13:22:18'),
(203, 39, 'Victor Muller', 'Sed et aut voluptate aut est quibusdam. Eum eos sit maiores maiores architecto in molestias. Quos aut repellat exercitationem laudantium et.', 3, '2019-03-14 13:22:18', '2019-03-14 13:22:18'),
(204, 5, 'Janelle Kshlerin DDS', 'Consequatur nostrum aut modi omnis est. Accusamus et animi nobis est vel exercitationem possimus non. Inventore et nam qui occaecati. Rerum deserunt in ut illum aspernatur fugit non.', 2, '2019-03-14 13:22:18', '2019-03-14 13:22:18'),
(205, 29, 'Jamarcus Macejkovic', 'Et distinctio ducimus odio et eveniet nemo qui. Voluptatem doloremque ipsa iusto eum aliquam rerum. Officia in at recusandae illo.', 4, '2019-03-14 13:22:18', '2019-03-14 13:22:18'),
(206, 47, 'Winnifred Emard I', 'Eaque iure minima porro id facilis repellat. Fuga aut eius amet qui facilis. Rem ut nulla aut voluptatem odio dolorum dolores.', 3, '2019-03-14 13:22:18', '2019-03-14 13:22:18'),
(207, 5, 'Milford Orn PhD', 'Qui maiores consequatur excepturi sunt et quia earum. Numquam totam nulla esse tempora tenetur fugit. Architecto aut dolor nam et. Et consequatur et nesciunt molestiae et sunt sit. In officiis atque blanditiis.', 5, '2019-03-14 13:22:18', '2019-03-14 13:22:18');
INSERT INTO `reviews` (`id`, `product_id`, `customer`, `review`, `star`, `created_at`, `updated_at`) VALUES
(208, 39, 'Bertha Parker', 'Ut reiciendis et earum et qui. Et suscipit et qui qui exercitationem qui. Ullam vero assumenda vel nostrum ad. Neque aperiam cumque est eos blanditiis distinctio.', 1, '2019-03-14 13:22:18', '2019-03-14 13:22:18'),
(209, 12, 'Thad Abshire DVM', 'Temporibus dolorem eos illo vitae earum et nobis. Rem fuga sunt assumenda culpa. Ipsa aliquid molestias autem sit. Consectetur voluptatem sunt delectus.', 4, '2019-03-14 13:22:18', '2019-03-14 13:22:18'),
(210, 26, 'Prof. Dahlia Bahringer MD', 'Dolor ut exercitationem odit placeat praesentium nemo. Inventore et vitae labore qui est quidem. Numquam nam accusamus dignissimos. Omnis excepturi autem consectetur repellendus.', 0, '2019-03-14 13:22:18', '2019-03-14 13:22:18'),
(211, 18, 'Dion Effertz', 'Deleniti aut nostrum ad et aliquid minima. Beatae dolorem iusto earum nihil dolor itaque repudiandae. Ab qui id molestias dolor vero repudiandae et.', 1, '2019-03-14 13:22:18', '2019-03-14 13:22:18'),
(212, 41, 'Griffin Purdy', 'Eveniet et et sed molestiae alias. Dolores et et in atque sed velit.', 1, '2019-03-14 13:22:18', '2019-03-14 13:22:18'),
(213, 15, 'Mr. Jacques Metz DDS', 'Itaque unde sed itaque ipsam. Qui at velit laudantium voluptatem sunt voluptas perspiciatis.', 1, '2019-03-14 13:22:18', '2019-03-14 13:22:18'),
(214, 29, 'Toy Lakin DDS', 'Ut corporis rerum et. Ad maxime aut eveniet ab voluptas. Consequatur est nihil in voluptate.', 3, '2019-03-14 13:22:18', '2019-03-14 13:22:18'),
(215, 46, 'Lorena Dooley', 'Corporis consequatur laboriosam quia sit. Amet unde qui iusto vel nemo. Excepturi suscipit rerum voluptas.', 0, '2019-03-14 13:22:18', '2019-03-14 13:22:18'),
(216, 8, 'Mr. Jeramy Dickens DDS', 'Impedit laudantium hic aliquid rerum qui est. Consequatur quis molestias rerum et omnis culpa velit. Consequatur nostrum ducimus non aut qui voluptatum fugiat.', 3, '2019-03-14 13:22:18', '2019-03-14 13:22:18'),
(217, 41, 'Khalid Paucek', 'Cumque nostrum labore eius officiis laborum. Suscipit ut rem fugiat saepe. Porro non enim est nobis quasi tenetur voluptatum. Enim incidunt voluptatem quam enim aut.', 2, '2019-03-14 13:22:18', '2019-03-14 13:22:18'),
(218, 43, 'Anya Powlowski Jr.', 'Sapiente quibusdam iste ut et nulla occaecati. Et illum voluptatem atque vel. Maxime id inventore ipsam error fugit nobis quia quod.', 3, '2019-03-14 13:22:19', '2019-03-14 13:22:19'),
(219, 21, 'Renee Graham', 'Repellendus et ducimus aliquid suscipit. Adipisci nisi ut laboriosam. Enim voluptatum non tempora sed nemo laborum nisi ratione. Beatae ex deserunt occaecati et earum voluptatum.', 0, '2019-03-14 13:22:19', '2019-03-14 13:22:19'),
(220, 1, 'Mr. Cleo Rath', 'Ad tempora nisi nobis perspiciatis. Recusandae ipsum omnis ipsa est. Consequatur itaque quas sunt omnis iste optio.', 0, '2019-03-14 13:22:19', '2019-03-14 13:22:19'),
(221, 26, 'Bettie Bailey', 'Qui similique ipsum blanditiis laudantium modi libero sit. Perspiciatis vero facilis hic iusto perferendis. Perferendis corrupti recusandae quia sunt. Aperiam voluptas omnis non doloremque officia qui inventore voluptatem.', 0, '2019-03-14 13:22:19', '2019-03-14 13:22:19'),
(222, 48, 'Jordy Rath PhD', 'Delectus itaque consequatur est. Aut iusto aut mollitia perspiciatis. Neque quis est in et.', 2, '2019-03-14 13:22:19', '2019-03-14 13:22:19'),
(223, 35, 'Dr. Ramon Toy PhD', 'Nesciunt ducimus ad ducimus dolorem consequatur est eveniet. Sint quasi quia sit debitis consequuntur qui deleniti. Sunt earum rerum autem modi. Laborum ullam architecto dolore cum aut architecto illo.', 5, '2019-03-14 13:22:19', '2019-03-14 13:22:19'),
(224, 21, 'Vallie Ondricka', 'Quisquam totam dolorem excepturi reprehenderit. Corrupti officia maxime fugit veniam ex id. Quia earum eius aut voluptatibus eos facilis.', 0, '2019-03-14 13:22:19', '2019-03-14 13:22:19'),
(225, 41, 'Prof. Art O\'Hara', 'Aut iusto et fugit. Error hic odio quia vel. Vel consequuntur voluptatum provident deleniti consequatur voluptas recusandae. Maiores et esse adipisci aut.', 0, '2019-03-14 13:22:19', '2019-03-14 13:22:19'),
(226, 33, 'Sheldon Fritsch', 'Quaerat eius aliquid sint doloribus optio. Provident natus sed doloremque. Ad possimus asperiores sunt repellendus est aperiam quibusdam. Corporis enim quaerat velit voluptatum reprehenderit quam.', 0, '2019-03-14 13:22:19', '2019-03-14 13:22:19'),
(227, 50, 'Jesse Langosh I', 'Rerum corporis eaque est architecto voluptatem dignissimos. Dolorem est est omnis nobis. Consequatur adipisci minima voluptatem possimus ducimus.', 3, '2019-03-14 13:22:19', '2019-03-14 13:22:19'),
(228, 6, 'Molly Medhurst', 'Voluptates exercitationem eaque similique vel. Cupiditate earum omnis omnis tempora. Ut distinctio dolorem aspernatur eaque.', 3, '2019-03-14 13:22:19', '2019-03-14 13:22:19'),
(229, 11, 'Dr. Zella Rutherford MD', 'Voluptatem quis rerum qui quia. Omnis dolore excepturi deserunt tempore. Qui quod molestiae autem iusto nulla dolores architecto.', 1, '2019-03-14 13:22:19', '2019-03-14 13:22:19'),
(230, 45, 'Winfield Simonis', 'Deserunt praesentium reprehenderit dignissimos omnis est nihil. Soluta sed ipsam aut quas voluptatum magni fugit sint. Quae itaque sit qui quisquam pariatur officiis tenetur. Ea minus qui aut praesentium illo omnis.', 1, '2019-03-14 13:22:19', '2019-03-14 13:22:19'),
(231, 16, 'Miss Litzy Kuhic Sr.', 'Error ea soluta enim cumque et est. A qui consequuntur nihil provident. Perferendis dolores aut est facere provident ad accusantium.', 5, '2019-03-14 13:22:19', '2019-03-14 13:22:19'),
(232, 23, 'Dr. Kolby Morar V', 'Dolor quibusdam vero quod at. Dolores facere odio sed quia consequatur praesentium. Et ipsum cum at unde consequuntur. Accusamus ut est asperiores voluptatibus.', 0, '2019-03-14 13:22:19', '2019-03-14 13:22:19'),
(233, 10, 'Esmeralda Gislason', 'Alias tempore quos ut qui. Perspiciatis est ad necessitatibus repellat dignissimos aut quia. Ipsam perferendis unde eum beatae.', 3, '2019-03-14 13:22:19', '2019-03-14 13:22:19'),
(234, 23, 'Burdette McClure', 'Quis possimus nesciunt aliquam consequatur dolorum eum. Dolorem voluptas doloremque aspernatur sunt quis beatae. Maiores voluptatem quo velit laudantium aut asperiores aspernatur. Voluptatem consequatur esse iusto repellendus quia sint et id.', 5, '2019-03-14 13:22:19', '2019-03-14 13:22:19'),
(235, 15, 'Lauretta Kutch', 'Nulla maxime nobis error quia et perferendis. Dolorum natus eum voluptas non dignissimos. Itaque et dolorem facere sit reiciendis.', 2, '2019-03-14 13:22:19', '2019-03-14 13:22:19'),
(236, 41, 'Miss Priscilla Beatty', 'Illo quis dolore possimus fugiat quo ut deleniti et. Assumenda est esse mollitia aliquid. Aperiam aut eaque delectus ab blanditiis minus. Iure fugit impedit quis nesciunt esse omnis.', 3, '2019-03-14 13:22:19', '2019-03-14 13:22:19'),
(237, 22, 'Neil Bashirian', 'Dolores esse animi ducimus sint. Et voluptatem dolor id nostrum. Quod aut vero cum est nihil et. Laudantium dolor quia numquam quibusdam.', 5, '2019-03-14 13:22:19', '2019-03-14 13:22:19'),
(238, 43, 'Otis Cormier', 'Laboriosam est enim voluptatibus. Molestiae voluptas vel repellendus ut. Iste laboriosam adipisci quasi.', 2, '2019-03-14 13:22:19', '2019-03-14 13:22:19'),
(239, 50, 'Paris Schimmel', 'Laborum sit perferendis ad rerum modi ut et. Voluptates corporis in dicta eos sit porro. Vel adipisci voluptatibus in voluptates praesentium. Et molestias ut inventore dicta quia similique et omnis.', 3, '2019-03-14 13:22:19', '2019-03-14 13:22:19'),
(240, 6, 'Carissa Lakin PhD', 'Debitis quos quod fuga dolore dolor. Ipsum dolor non laborum ratione beatae. Alias sed ut nostrum in qui. Dolorem a id ducimus harum.', 2, '2019-03-14 13:22:19', '2019-03-14 13:22:19'),
(241, 40, 'Nathen Wilkinson', 'Quos iusto neque voluptas. Exercitationem illum saepe nostrum quo qui eveniet qui.', 1, '2019-03-14 13:22:19', '2019-03-14 13:22:19'),
(242, 16, 'Angel Kreiger', 'Cumque dicta cumque dolor eos distinctio sapiente quis. Architecto est vitae explicabo voluptatem quia. Non corporis quia exercitationem porro ut voluptas et rerum.', 1, '2019-03-14 13:22:19', '2019-03-14 13:22:19'),
(243, 50, 'Breana Effertz V', 'Molestiae et inventore explicabo porro ipsa beatae molestiae. Quos vitae id commodi earum aut tenetur non. Cum dolorem amet tempora excepturi aut ex et.', 4, '2019-03-14 13:22:19', '2019-03-14 13:22:19'),
(244, 15, 'Lionel Harris', 'Nostrum molestiae nobis cumque est minima alias. Culpa et autem qui eius ut voluptatum. Dolor eligendi eligendi dignissimos.', 0, '2019-03-14 13:22:19', '2019-03-14 13:22:19'),
(245, 12, 'Emmitt Bailey', 'In sit expedita repellendus iure rem. Aperiam accusantium alias nobis rerum vitae corrupti velit. Consequatur nulla possimus suscipit nisi soluta voluptate corporis. Earum aperiam ullam eos eos voluptatem ea enim dolorum. Qui sint inventore autem quos architecto.', 5, '2019-03-14 13:22:19', '2019-03-14 13:22:19'),
(246, 24, 'Hank Kiehn', 'Dolores amet eaque qui accusantium harum placeat. Pariatur itaque eum iusto quo. Debitis hic maxime tenetur ut est maxime.', 0, '2019-03-14 13:22:19', '2019-03-14 13:22:19'),
(247, 23, 'Theron Haag', 'Culpa ea impedit et maiores placeat quibusdam. Rerum quia facilis error deleniti cupiditate. Fugiat hic maxime ex cumque.', 2, '2019-03-14 13:22:19', '2019-03-14 13:22:19'),
(248, 11, 'Keon Vandervort V', 'Error ut est dolores. Unde consectetur facere ducimus pariatur et et voluptatibus. Quod beatae repellat molestias a aut id neque consequatur. Delectus occaecati aliquid consequatur molestiae.', 2, '2019-03-14 13:22:19', '2019-03-14 13:22:19'),
(249, 37, 'Dorthy Kohler', 'Ut esse eos nobis et. Velit aliquam repellendus aperiam quasi. Voluptatibus quibusdam omnis accusamus quo eius. Sed sit rerum in voluptas.', 0, '2019-03-14 13:22:19', '2019-03-14 13:22:19'),
(250, 45, 'Nannie Stanton', 'Atque et est culpa. Aliquam voluptas odio sit rerum voluptatum quod sit. Nemo veritatis temporibus et ab. Similique ab voluptatem et aut a ex quae quibusdam.', 5, '2019-03-14 13:22:19', '2019-03-14 13:22:19'),
(251, 47, 'Bartholome Hilpert PhD', 'Est recusandae sed iusto ea eius eius est repudiandae. Et ullam quis sit beatae nihil tempora voluptatem animi. Dolorem consequatur et autem consequatur quis autem. Repellat delectus dignissimos autem.', 1, '2019-03-14 13:22:19', '2019-03-14 13:22:19'),
(252, 12, 'Uriah Torp', 'Aperiam cumque doloremque ut eligendi voluptate. Quisquam porro voluptate mollitia itaque tempora modi. Inventore molestiae aut sint similique.', 3, '2019-03-14 13:22:19', '2019-03-14 13:22:19'),
(253, 25, 'Ronny Kuhic', 'Veritatis nihil maiores corporis repellendus aut omnis. Vero quibusdam laborum id culpa optio. Animi quas itaque fugit voluptate dicta reprehenderit animi.', 1, '2019-03-14 13:22:20', '2019-03-14 13:22:20'),
(254, 17, 'Dr. Rachael Koss', 'Consectetur laborum eos quia. Modi in consectetur sunt esse. Fuga dolorum qui quas earum explicabo veniam consequatur ut.', 3, '2019-03-14 13:22:20', '2019-03-14 13:22:20'),
(255, 39, 'Garland Hoeger', 'Quasi nesciunt est repudiandae est voluptas. Eaque et ea quod accusantium. Qui iusto minus magni praesentium qui aliquid quia.', 1, '2019-03-14 13:22:20', '2019-03-14 13:22:20'),
(256, 37, 'Randi Quitzon', 'Et itaque voluptatem corporis eius accusamus. Dolorum libero reprehenderit minima. Reiciendis veniam alias consequatur. Amet dignissimos autem labore ipsam incidunt qui recusandae.', 1, '2019-03-14 13:22:20', '2019-03-14 13:22:20'),
(257, 50, 'Marisol Beahan', 'Unde illum saepe commodi cum maiores. Aut tenetur et voluptas. Cum dolorem veniam qui quia quis voluptas pariatur.', 4, '2019-03-14 13:22:20', '2019-03-14 13:22:20'),
(258, 45, 'Lacey Cruickshank', 'Ducimus nulla ex voluptas illo aperiam sequi ipsa. Sed nostrum sint ex. Quaerat quisquam ducimus ut odit temporibus.', 3, '2019-03-14 13:22:20', '2019-03-14 13:22:20'),
(259, 14, 'Mariah Bins V', 'Ut iusto quis architecto amet consequatur autem. Consequatur iusto vel aut consectetur quia. Occaecati dolor architecto commodi id ullam non.', 0, '2019-03-14 13:22:20', '2019-03-14 13:22:20'),
(260, 21, 'Nia Hickle', 'Dolores dolorum ut placeat doloribus eveniet laborum blanditiis. Fuga ipsum eligendi ut ipsam enim aliquam saepe pariatur. Dignissimos sit vitae exercitationem incidunt dolore dolor fugit. Est accusamus quis praesentium reiciendis commodi voluptatum consequatur quis.', 3, '2019-03-14 13:22:20', '2019-03-14 13:22:20'),
(261, 31, 'Roel Okuneva', 'Asperiores porro at sit dolore. Placeat dolor et sunt. Consectetur explicabo ipsam id. Quo omnis molestias reprehenderit commodi voluptatum cupiditate eius laudantium. Ipsam perspiciatis fugit ut eveniet.', 0, '2019-03-14 13:22:20', '2019-03-14 13:22:20'),
(262, 40, 'Layla Kiehn', 'Dolore vero distinctio ex voluptas voluptatum. Accusantium id ad cupiditate quia et. Vero quos doloribus ut neque officia sunt velit. Voluptatem dicta quod magnam nisi.', 4, '2019-03-14 13:22:20', '2019-03-14 13:22:20'),
(263, 5, 'Mr. Taylor Torp Jr.', 'Vero et minima voluptatem sint. Est velit praesentium pariatur laborum earum.', 5, '2019-03-14 13:22:20', '2019-03-14 13:22:20'),
(264, 27, 'Naomi Harber', 'Facere autem ut ut. Explicabo facilis mollitia qui temporibus. A distinctio aut tempore.', 3, '2019-03-14 13:22:20', '2019-03-14 13:22:20'),
(265, 8, 'Stephen Runte', 'Odio optio nostrum aperiam id. Ut sit ea incidunt quas. Ut quasi nam culpa enim consequatur. Esse ut doloremque minima quod culpa magni.', 2, '2019-03-14 13:22:20', '2019-03-14 13:22:20'),
(266, 29, 'Mr. Weston Hamill', 'Deleniti et ut unde aspernatur atque at. Voluptates tenetur autem culpa voluptas magni. Quasi similique quidem maxime quis aut sed. Ut nihil nemo et ullam.', 5, '2019-03-14 13:22:20', '2019-03-14 13:22:20'),
(267, 35, 'Fredy Cronin', 'Reiciendis quaerat sequi pariatur vitae explicabo sapiente. Fuga officia voluptate excepturi qui.', 2, '2019-03-14 13:22:20', '2019-03-14 13:22:20'),
(268, 49, 'Dr. Johnnie Streich DDS', 'Debitis sunt architecto tenetur magni deserunt non ut. Eius corporis id et sequi enim nihil neque. Eos et rem unde ab fuga. Harum est vero in aspernatur quia voluptatum cupiditate.', 1, '2019-03-14 13:22:20', '2019-03-14 13:22:20'),
(269, 42, 'Mr. Thurman Roberts PhD', 'Debitis in qui illo repellendus modi. Necessitatibus dolorem delectus qui quaerat reprehenderit iure quia. Unde velit iusto eius debitis distinctio nostrum. Est aut fuga quas libero sed dicta id.', 5, '2019-03-14 13:22:20', '2019-03-14 13:22:20'),
(270, 49, 'Conner Lowe', 'Animi ducimus molestias quidem ab. Necessitatibus in nam atque voluptatem sint eum. Neque rem sed facere vel et voluptatem.', 0, '2019-03-14 13:22:20', '2019-03-14 13:22:20'),
(271, 39, 'Ms. Corene Schulist', 'Sunt adipisci et quibusdam et nostrum. Facere quo omnis eius ipsam et voluptatem quae assumenda. Voluptatibus aut rerum consectetur.', 0, '2019-03-14 13:22:20', '2019-03-14 13:22:20'),
(272, 6, 'Mr. Kayleigh Harvey III', 'Non animi quisquam ut sit dolores aperiam cupiditate. Facere optio placeat in impedit consequatur consequatur. Inventore eligendi praesentium optio velit possimus nemo enim.', 0, '2019-03-14 13:22:20', '2019-03-14 13:22:20'),
(273, 39, 'Freddie Carroll', 'Animi earum vitae esse qui aut esse magnam consequatur. Eius vero voluptatem amet.', 0, '2019-03-14 13:22:20', '2019-03-14 13:22:20'),
(274, 38, 'Leann Schroeder', 'Sit cupiditate maxime iure molestiae qui qui et. Vel odit maxime porro non recusandae beatae. Aut ut eos fugit et nesciunt alias. Laboriosam et provident nemo suscipit rerum.', 4, '2019-03-14 13:22:20', '2019-03-14 13:22:20'),
(275, 23, 'Abbie Oberbrunner', 'Quidem quis explicabo laudantium aut ea corrupti. Vero odio quia magnam sed voluptatum omnis. Nisi id numquam et est cum debitis facilis. Autem possimus et enim tempore ipsum iure. Repellendus iure unde molestiae libero debitis.', 3, '2019-03-14 13:22:20', '2019-03-14 13:22:20'),
(276, 2, 'Prof. Providenci Heathcote DDS', 'Accusantium nisi sed qui cumque odit. Id earum et est itaque libero voluptatem. Reiciendis fuga qui atque pariatur. Fugit eum repudiandae aut saepe occaecati.', 0, '2019-03-14 13:22:20', '2019-03-14 13:22:20'),
(277, 28, 'Ernesto Zboncak', 'Doloribus ut dolores et mollitia dignissimos id. A eveniet quas quidem accusamus. Error repudiandae aut sed eius qui nesciunt eum. Aut ut mollitia occaecati quibusdam ex qui.', 5, '2019-03-14 13:22:20', '2019-03-14 13:22:20'),
(278, 36, 'Lavina Mitchell', 'Fuga possimus minima in eos reiciendis omnis impedit. Excepturi aperiam distinctio veritatis quos ab consectetur enim voluptate. Possimus nobis tempora nihil omnis sed fugit. Itaque omnis numquam voluptatem aut a voluptate.', 2, '2019-03-14 13:22:20', '2019-03-14 13:22:20'),
(279, 10, 'Addie Hill', 'Numquam omnis distinctio in delectus ut corrupti voluptatem. Laborum commodi sed id ullam porro ut inventore. At perspiciatis qui corporis est sequi ratione voluptatibus velit.', 5, '2019-03-14 13:22:20', '2019-03-14 13:22:20'),
(280, 20, 'Alexis Orn', 'Animi sint iusto rerum autem architecto. Rerum non non officia praesentium est. Voluptatem et sed sed et at accusamus quas.', 4, '2019-03-14 13:22:20', '2019-03-14 13:22:20'),
(281, 33, 'Carmine Johnston PhD', 'Non qui error voluptatem nihil quis. Dolorum amet soluta sint aspernatur totam sint adipisci dolore.', 4, '2019-03-14 13:22:20', '2019-03-14 13:22:20'),
(282, 5, 'Prof. Nyasia McCullough III', 'Ut dolorum error quo. Possimus mollitia quis rerum et. Ex laboriosam harum fugiat omnis explicabo officiis. Quia quia voluptatem quae voluptatem temporibus explicabo deleniti.', 5, '2019-03-14 13:22:20', '2019-03-14 13:22:20'),
(283, 10, 'Aletha Miller', 'Neque odio dignissimos autem sunt laboriosam optio repellendus animi. Officiis corporis voluptate dicta earum ut. Ut delectus illum quia temporibus voluptas qui delectus earum.', 0, '2019-03-14 13:22:21', '2019-03-14 13:22:21'),
(284, 6, 'Vaughn Considine', 'A suscipit optio voluptatem molestiae aut quas. Aut ea labore facere et corporis alias. Autem assumenda repellat dolores culpa dolores voluptates sit minima. Et sunt maxime reiciendis ut neque pariatur quidem tenetur. Autem tempore et necessitatibus sit sint dolores illum.', 0, '2019-03-14 13:22:21', '2019-03-14 13:22:21'),
(285, 32, 'Dorris Bogan', 'Eaque accusamus tempore quia fugiat numquam et. Excepturi mollitia expedita porro quod quae. Nemo cupiditate deserunt distinctio nihil. Illum aut provident aperiam culpa accusamus. Vel rerum ipsam modi eius quia ea.', 5, '2019-03-14 13:22:21', '2019-03-14 13:22:21'),
(286, 33, 'Tad Green', 'A aperiam animi dicta eligendi ex ab. Voluptatem recusandae perferendis eaque autem veritatis et sit.', 2, '2019-03-14 13:22:21', '2019-03-14 13:22:21'),
(287, 9, 'Arnold Corwin', 'Sint aut aperiam sapiente illo. Amet aut qui libero nisi. Et eveniet quia exercitationem deserunt consequatur. Deleniti et voluptatem non eos nesciunt iste qui.', 0, '2019-03-14 13:22:21', '2019-03-14 13:22:21'),
(288, 31, 'Miss Teresa Cremin V', 'Culpa sed esse rerum et consequatur corrupti dolores. Similique est in et quaerat voluptatibus dolores at. Dignissimos velit cupiditate nulla asperiores rerum deserunt aut. Officia et a eligendi culpa.', 0, '2019-03-14 13:22:21', '2019-03-14 13:22:21'),
(289, 37, 'Kareem Little', 'Dolore quaerat vel aliquam ullam aut officia quidem. Qui animi eveniet temporibus voluptatem.', 1, '2019-03-14 13:22:21', '2019-03-14 13:22:21'),
(290, 30, 'Jayme Boyle', 'Quos atque distinctio similique nulla aspernatur earum. A quo voluptatem esse facilis magni. Accusamus aliquid perferendis qui ut fugiat quas delectus.', 2, '2019-03-14 13:22:21', '2019-03-14 13:22:21'),
(291, 30, 'Garland Hickle', 'Sunt expedita velit veritatis reprehenderit corporis eveniet maxime. Dolor mollitia eligendi omnis ea ea vel. Quia vitae et nostrum ratione deleniti voluptate doloremque. Dolor aut dolorem provident aliquid.', 1, '2019-03-14 13:22:21', '2019-03-14 13:22:21'),
(292, 34, 'Carlos Lang', 'Sed molestiae amet dolor quo atque ut. Dicta repellendus autem recusandae fuga voluptatibus aspernatur. Soluta nihil qui sunt voluptatem.', 2, '2019-03-14 13:22:21', '2019-03-14 13:22:21'),
(293, 2, 'Jonathon Flatley III', 'Accusantium error id officiis minus aut voluptas et. Ex et quidem eligendi. Repudiandae exercitationem facilis quos non non sit. Est eos eum consequatur iure est.', 0, '2019-03-14 13:22:21', '2019-03-14 13:22:21'),
(294, 32, 'Mylene Flatley', 'Architecto ea non et. Sequi in voluptates repellat est officia iusto. Rerum et molestias perspiciatis est voluptas. Et doloremque veritatis vel illum quis provident rerum quisquam. Incidunt iusto nobis veritatis soluta.', 2, '2019-03-14 13:22:21', '2019-03-14 13:22:21'),
(295, 7, 'Carmine Huels', 'Consequatur aut reiciendis assumenda nobis cupiditate dolore. Aut ut facilis voluptate. Cumque et eos consequuntur consequatur nobis quaerat reiciendis. Fuga natus tempore enim expedita blanditiis eius.', 1, '2019-03-14 13:22:21', '2019-03-14 13:22:21'),
(296, 19, 'Arvid Barrows', 'Deserunt harum quia pariatur placeat veniam. Occaecati deserunt ullam quia sint esse dolores reprehenderit. Officiis ea dolores velit in.', 3, '2019-03-14 13:22:21', '2019-03-14 13:22:21'),
(297, 14, 'Marta Crona', 'Atque atque architecto voluptatibus omnis provident magnam. Tenetur voluptatem magni id odio. Deserunt inventore omnis a sit non. Consectetur sed quaerat necessitatibus voluptas eum itaque aut.', 4, '2019-03-14 13:22:21', '2019-03-14 13:22:21'),
(298, 30, 'Damion Spencer', 'Illo qui qui natus odio pariatur est. Eius explicabo aut et molestiae. Qui ratione cupiditate occaecati vel mollitia in.', 5, '2019-03-14 13:22:21', '2019-03-14 13:22:21'),
(299, 12, 'Helena Greenfelder', 'Laboriosam totam et quia sed est assumenda adipisci. Totam dolor ut id eum fugiat eligendi alias.', 3, '2019-03-14 13:22:21', '2019-03-14 13:22:21'),
(300, 31, 'Ivory Marks', 'Maxime tempora autem tempore sed. Necessitatibus rem rerum nulla debitis totam quidem accusamus accusantium.', 5, '2019-03-14 13:22:21', '2019-03-14 13:22:21');

-- --------------------------------------------------------

--
-- Table structure for table `users`
--

CREATE TABLE `users` (
  `id` bigint(20) UNSIGNED NOT NULL,
  `name` varchar(191) COLLATE utf8mb4_unicode_ci NOT NULL,
  `email` varchar(191) COLLATE utf8mb4_unicode_ci NOT NULL,
  `email_verified_at` timestamp NULL DEFAULT NULL,
  `password` varchar(191) COLLATE utf8mb4_unicode_ci NOT NULL,
  `remember_token` varchar(100) COLLATE utf8mb4_unicode_ci DEFAULT NULL,
  `created_at` timestamp NULL DEFAULT NULL,
  `updated_at` timestamp NULL DEFAULT NULL
) ENGINE=InnoDB DEFAULT CHARSET=utf8mb4 COLLATE=utf8mb4_unicode_ci;

--
-- Indexes for dumped tables
--

--
-- Indexes for table `migrations`
--
ALTER TABLE `migrations`
  ADD PRIMARY KEY (`id`);

--
-- Indexes for table `password_resets`
--
ALTER TABLE `password_resets`
  ADD KEY `password_resets_email_index` (`email`);

--
-- Indexes for table `products`
--
ALTER TABLE `products`
  ADD PRIMARY KEY (`id`);

--
-- Indexes for table `reviews`
--
ALTER TABLE `reviews`
  ADD PRIMARY KEY (`id`),
  ADD KEY `reviews_product_id_index` (`product_id`);

--
-- Indexes for table `users`
--
ALTER TABLE `users`
  ADD PRIMARY KEY (`id`),
  ADD UNIQUE KEY `users_email_unique` (`email`);

--
-- AUTO_INCREMENT for dumped tables
--

--
-- AUTO_INCREMENT for table `migrations`
--
ALTER TABLE `migrations`
  MODIFY `id` int(10) UNSIGNED NOT NULL AUTO_INCREMENT, AUTO_INCREMENT=5;

--
-- AUTO_INCREMENT for table `products`
--
ALTER TABLE `products`
  MODIFY `id` bigint(20) UNSIGNED NOT NULL AUTO_INCREMENT, AUTO_INCREMENT=51;

--
-- AUTO_INCREMENT for table `reviews`
--
ALTER TABLE `reviews`
  MODIFY `id` bigint(20) UNSIGNED NOT NULL AUTO_INCREMENT, AUTO_INCREMENT=301;

--
-- AUTO_INCREMENT for table `users`
--
ALTER TABLE `users`
  MODIFY `id` bigint(20) UNSIGNED NOT NULL AUTO_INCREMENT;
COMMIT;

/*!40101 SET CHARACTER_SET_CLIENT=@OLD_CHARACTER_SET_CLIENT */;
/*!40101 SET CHARACTER_SET_RESULTS=@OLD_CHARACTER_SET_RESULTS */;
/*!40101 SET COLLATION_CONNECTION=@OLD_COLLATION_CONNECTION */;
